,center_lat,center_lon
0,52.0091276,4.3640613
1,52.0055958,4.3537911
2,52.0087180,4.3571060
3,52.0075076,4.3580428
4,52.0168063,4.3511266
5,52.0083200,4.3627359
6,52.0162409,4.3673029
7,52.0108603,4.3685076
8,52.0089794,4.3678927
9,52.0139023,4.3512893
10,52.0058389,4.3530381
11,52.0114492,4.3584341
12,52.0066181,4.3591398
13,52.0149237,4.3672092
14,52.0073378,4.3614629
15,52.0122915,4.3608044
16,52.0119836,4.3609790
17,52.0173805,4.3645176
18,52.0058278,4.3595994
19,52.0125962,4.3559036
20,52.0054443,4.3630699
21,52.0058654,4.3667759
22,52.0057764,4.3677000
23,52.0056755,4.3666113
24,52.0056287,4.3665697
25,52.0055342,4.3664882
26,52.0052023,4.3661995
27,52.0055816,4.3665294
28,52.0058180,4.3667346
29,52.0053448,4.3663232
30,52.0058272,4.3676112
31,52.0053921,4.3663646
32,52.0054396,4.3664058
33,52.0059667,4.3669217
34,52.0054868,4.3664469
35,52.0057231,4.3666523
36,52.0052975,4.3662820
37,52.0057704,4.3666935
38,52.0056342,4.3670438
39,52.0054445,4.3668794
40,52.0053496,4.3667971
41,52.0055014,4.3681937
42,52.0051963,4.3666638
43,52.0054807,4.3669113
44,52.0054462,4.3682575
45,52.0059012,4.3668111
46,52.0053859,4.3668283
47,52.0062904,4.3636058
48,52.0052911,4.3667463
49,52.0052544,4.3667145
50,52.0055393,4.3669617
51,52.0056698,4.3670759
52,52.0055755,4.3669937
53,52.0055048,4.3619898
54,52.0054089,4.3683546
55,52.0052730,4.3638459
56,52.0057135,4.3657463
57,52.0055942,4.3629688
58,52.0059311,4.3631449
59,52.0056448,4.3629184
60,52.0053840,4.3618099
61,52.0061840,4.3641817
62,52.0062665,4.3645519
63,52.0061859,4.3637524
64,52.0059759,4.3638847
65,52.0061620,4.3636942
66,52.0054429,4.3672628
67,52.0056542,4.3626700
68,52.0059295,4.3637664
69,52.0056222,4.3662575
70,52.0058691,4.3643799
71,52.0062099,4.3638110
72,52.0054344,4.3623637
73,52.0059990,4.3639437
74,52.0058424,4.3631363
75,52.0061382,4.3636360
76,52.0055833,4.3673877
77,52.0060223,4.3640031
78,52.0059527,4.3638257
79,52.0055103,4.3625196
80,52.0055361,4.3673455
81,52.0054578,4.3647576
82,52.0061142,4.3635775
83,52.0052515,4.3660080
84,52.0053959,4.3672201
85,52.0052643,4.3671052
86,52.0058252,4.3671222
87,52.0053118,4.3671469
88,52.0056148,4.3678035
89,52.0058822,4.3675807
90,52.0057938,4.3631912
91,52.0053646,4.3684249
92,52.0054700,4.3628305
93,52.0057400,4.3639921
94,52.0054375,4.3675862
95,52.0057085,4.3638946
96,52.0051754,4.3618689
97,52.0058427,4.3642938
98,52.0052202,4.3677737
99,52.0052471,4.3673560
100,52.0055265,4.3629875
101,52.0053485,4.3678679
102,52.0053177,4.3674247
103,52.0054988,4.3676463
104,52.0055683,4.3677217
105,52.0052879,4.3678161
106,52.0051828,4.3673057
107,52.0055865,4.3620902
108,52.0053968,4.3679325
109,52.0057137,4.3639117
110,52.0053807,4.3674824
111,52.0052826,4.3617958
112,52.0165157,4.3619980
113,52.0165956,4.3642052
114,52.0181965,4.3613183
115,52.0148277,4.3642680
116,52.0176407,4.3613944
117,52.0165575,4.3642171
118,52.0175765,4.3691332
119,52.0171746,4.3611049
120,52.0166489,4.3691515
121,52.0175816,4.3610464
122,52.0179378,4.3601016
123,52.0173130,4.3615570
124,52.0136464,4.3660001
125,52.0177664,4.3667375
126,52.0161980,4.3638489
127,52.0136862,4.3659408
128,52.0177836,4.3667774
129,52.0174821,4.3660732
130,52.0174652,4.3660334
131,52.0183715,4.3681513
132,52.0137263,4.3659014
133,52.0164563,4.3621224
134,52.0182968,4.3621330
135,52.0125953,4.3681079
136,52.0138894,4.3677965
137,52.0171755,4.3653556
138,52.0139796,4.3676933
139,52.0180682,4.3674439
140,52.0171584,4.3653156
141,52.0180855,4.3674837
142,52.0176566,4.3678243
143,52.0163562,4.3655183
144,52.0140091,4.3670775
145,52.0169333,4.3614696
146,52.0162993,4.3647235
147,52.0167313,4.3688692
148,52.0161515,4.3626540
149,52.0178776,4.3602850
150,52.0165818,4.3668829
151,52.0142813,4.3677177
152,52.0183146,4.3622611
153,52.0181534,4.3622425
154,52.0131120,4.3688011
155,52.0177631,4.3670391
156,52.0140933,4.3676312
157,52.0174566,4.3608863
158,52.0182764,4.3661622
159,52.0151925,4.3641857
160,52.0172869,4.3690356
161,52.0139076,4.3679783
162,52.0182179,4.3641015
163,52.0155704,4.3639395
164,52.0159037,4.3646446
165,52.0129396,4.3679023
166,52.0177356,4.3658119
167,52.0175688,4.3657178
168,52.0138671,4.3666458
169,52.0174028,4.3609548
170,52.0179942,4.3604581
171,52.0183576,4.3650118
172,52.0144884,4.3677454
173,52.0181346,4.3622037
174,52.0128728,4.3678184
175,52.0176955,4.3686395
176,52.0165143,4.3625105
177,52.0176179,4.3607807
178,52.0156743,4.3652050
179,52.0148431,4.3684813
180,52.0153897,4.3655200
181,52.0168579,4.3632865
182,52.0158636,4.3649955
183,52.0170440,4.3634695
184,52.0162399,4.3630137
185,52.0162995,4.3631561
186,52.0167432,4.3640161
187,52.0123244,4.3691004
188,52.0127278,4.3680642
189,52.0164937,4.3636235
190,52.0179191,4.3605517
191,52.0145565,4.3684737
192,52.0132404,4.3691015
193,52.0178101,4.3627171
194,52.0174119,4.3688987
195,52.0153433,4.3639880
196,52.0120972,4.3690035
197,52.0139945,4.3669277
198,52.0177610,4.3669955
199,52.0175927,4.3655101
200,52.0182966,4.3622812
201,52.0180046,4.3654192
202,52.0178383,4.3685442
203,52.0168473,4.3632618
204,52.0173706,4.3633240
205,52.0170006,4.3623863
206,52.0134465,4.3669261
207,52.0181212,4.3654556
208,52.0164152,4.3625273
209,52.0165354,4.3625609
210,52.0146055,4.3647817
211,52.0153055,4.3640374
212,52.0159586,4.3647748
213,52.0180672,4.3621666
214,52.0152302,4.3641363
215,52.0163686,4.3633217
216,52.0151052,4.3651529
217,52.0182478,4.3681297
218,52.0183383,4.3672245
219,52.0179540,4.3619538
220,52.0155987,4.3652887
221,52.0181257,4.3663315
222,52.0152309,4.3640661
223,52.0169064,4.3634280
224,52.0126109,4.3686348
225,52.0159771,4.3648698
226,52.0173886,4.3633035
227,52.0176710,4.3667144
228,52.0166323,4.3687349
229,52.0181182,4.3624621
230,52.0165433,4.3637407
231,52.0180374,4.3665188
232,52.0124085,4.3687799
233,52.0182086,4.3623790
234,52.0179165,4.3656084
235,52.0124807,4.3688564
236,52.0139797,4.3668950
237,52.0174616,4.3663337
238,52.0179305,4.3615483
239,52.0181280,4.3664171
240,52.0157320,4.3650776
241,52.0176450,4.3659138
242,52.0126571,4.3681152
243,52.0148895,4.3658026
244,52.0183059,4.3671713
245,52.0157501,4.3651212
246,52.0176379,4.3629846
247,52.0152420,4.3654780
248,52.0136768,4.3673630
249,52.0168511,4.3661323
250,52.0180757,4.3620592
251,52.0180654,4.3601895
252,52.0176242,4.3687181
253,52.0168288,4.3630357
254,52.0174595,4.3662900
255,52.0180296,4.3619598
256,52.0155091,4.3638168
257,52.0173018,4.3633935
258,52.0125498,4.3678269
259,52.0151254,4.3642006
260,52.0178205,4.3685017
261,52.0177257,4.3628859
262,52.0130550,4.3687385
263,52.0158404,4.3631790
264,52.0176571,4.3622691
265,52.0138034,4.3665057
266,52.0123363,4.3689620
267,52.0155600,4.3653316
268,52.0177857,4.3686022
269,52.0155025,4.3645781
270,52.0174738,4.3632066
271,52.0160529,4.3647860
272,52.0167074,4.3627556
273,52.0175052,4.3655690
274,52.0181327,4.3654827
275,52.0179060,4.3665571
276,52.0153517,4.3655618
277,52.0150505,4.3650228
278,52.0178392,4.3684811
279,52.0125936,4.3690861
280,52.0177925,4.3604592
281,52.0166931,4.3630366
282,52.0168285,4.3633626
283,52.0159393,4.3649117
284,52.0176235,4.3687810
285,52.0159334,4.3648549
286,52.0171604,4.3681866
287,52.0125510,4.3686775
288,52.0179234,4.3626644
289,52.0131871,4.3684571
290,52.0152147,4.3654131
291,52.0172092,4.3628930
292,52.0178645,4.3606428
293,52.0179330,4.3619764
294,52.0180953,4.3663657
295,52.0137152,4.3663125
296,52.0164838,4.3635994
297,52.0182944,4.3610435
298,52.0165055,4.3625879
299,52.0131851,4.3690432
300,52.0132337,4.3691568
301,52.0153066,4.3658170
302,52.0178231,4.3656233
303,52.0154574,4.3638385
304,52.0152700,4.3655444
305,52.0130054,4.3686222
306,52.0182776,4.3640335
307,52.0176005,4.3657922
308,52.0167960,4.3618314
309,52.0164266,4.3634624
310,52.0180836,4.3621148
311,52.0174897,4.3619826
312,52.0129584,4.3685165
313,52.0178571,4.3685237
314,52.0180541,4.3665000
315,52.0151326,4.3652180
316,52.0182256,4.3642027
317,52.0166124,4.3639063
318,52.0170963,4.3635521
319,52.0160150,4.3648279
320,52.0150058,4.3690477
321,52.0139160,4.3667542
322,52.0181937,4.3608252
323,52.0167748,4.3639817
324,52.0149956,4.3649860
325,52.0163094,4.3631800
326,52.0151538,4.3642362
327,52.0166983,4.3640657
328,52.0177166,4.3624144
329,52.0180073,4.3651885
330,52.0178051,4.3609368
331,52.0131009,4.3684255
332,52.0157360,4.3642966
333,52.0150161,4.3650349
334,52.0157879,4.3650792
335,52.0163587,4.3632973
336,52.0138523,4.3666135
337,52.0126810,4.3675982
338,52.0180701,4.3653357
339,52.0170337,4.3634457
340,52.0131034,4.3688519
341,52.0175251,4.3688274
342,52.0179284,4.3684451
343,52.0147081,4.3653585
344,52.0134306,4.3690608
345,52.0152306,4.3681218
346,52.0163723,4.3625742
347,52.0164167,4.3634381
348,52.0181381,4.3624409
349,52.0128981,4.3677280
350,52.0158258,4.3650373
351,52.0135564,4.3662142
352,52.0182107,4.3672623
353,52.0170463,4.3652915
354,52.0177984,4.3628058
355,52.0179919,4.3621215
356,52.0183597,4.3660702
357,52.0154148,4.3680917
358,52.0130396,4.3687023
359,52.0181266,4.3623774
360,52.0137408,4.3663685
361,52.0150601,4.3692365
362,52.0150232,4.3649579
363,52.0148972,4.3686701
364,52.0183387,4.3660211
365,52.0161293,4.3647015
366,52.0181856,4.3662643
367,52.0123372,4.3688311
368,52.0178919,4.3684229
369,52.0176947,4.3687026
370,52.0183364,4.3671374
371,52.0125886,4.3691552
372,52.0176439,4.3667181
373,52.0166831,4.3630122
374,52.0132172,4.3685368
375,52.0173695,4.3660107
376,52.0166566,4.3626078
377,52.0177927,4.3656575
378,52.0156117,4.3652106
379,52.0166025,4.3638825
380,52.0179105,4.3684024
381,52.0179809,4.3683822
382,52.0168770,4.3634789
383,52.0179730,4.3674196
384,52.0131521,4.3689658
385,52.0147537,4.3654641
386,52.0177077,4.3629062
387,52.0166609,4.3640250
388,52.0166235,4.3628709
389,52.0162500,4.3630376
390,52.0126153,4.3677124
391,52.0177492,4.3685803
392,52.0166968,4.3627310
393,52.0150778,4.3650879
394,52.0165157,4.3626125
395,52.0176199,4.3630049
396,52.0171581,4.3655859
397,52.0182411,4.3672283
398,52.0156365,4.3652469
399,52.0168183,4.3630115
400,52.0122660,4.3688822
401,52.0124766,4.3689954
402,52.0125598,4.3690067
403,52.0176555,4.3656579
404,52.0160907,4.3647441
405,52.0165749,4.3627548
406,52.0128159,4.3684873
407,52.0149756,4.3649383
408,52.0131367,4.3689296
409,52.0159747,4.3634572
410,52.0165615,4.3622568
411,52.0178844,4.3627148
412,52.0157722,4.3650332
413,52.0180512,4.3622667
414,52.0169372,4.3636232
415,52.0135413,4.3661810
416,52.0131976,4.3690013
417,52.0173394,4.3689780
418,52.0128316,4.3687528
419,52.0183069,4.3661280
420,52.0151874,4.3653480
421,52.0127559,4.3685300
422,52.0176958,4.3624370
423,52.0183600,4.3613416
424,52.0180628,4.3677006
425,52.0171936,4.3626331
426,52.0165531,4.3637652
427,52.0167318,4.3631260
428,52.0175431,4.3688698
429,52.0179332,4.3655895
430,52.0164914,4.3625447
431,52.0176363,4.3622915
432,52.0173581,4.3689575
433,52.0151599,4.3652830
434,52.0153810,4.3639387
435,52.0136179,4.3672957
436,52.0168185,4.3633383
437,52.0178168,4.3627864
438,52.0159310,4.3647095
439,52.0177760,4.3625599
440,52.0181722,4.3623103
441,52.0130692,4.3687011
442,52.0156190,4.3644376
443,52.0179659,4.3683465
444,52.0139308,4.3667871
445,52.0133431,4.3688565
446,52.0169109,4.3622163
447,52.0174559,4.3632268
448,52.0149958,4.3648928
449,52.0156920,4.3651220
450,52.0176650,4.3656802
451,52.0133954,4.3665100
452,52.0125363,4.3690366
453,52.0170068,4.3636432
454,52.0182171,4.3607910
455,52.0177678,4.3685596
456,52.0137885,4.3664730
457,52.0140105,4.3659419
458,52.0157122,4.3651630
459,52.0167863,4.3620068
460,52.0177669,4.3686227
461,52.0179140,4.3655210
462,52.0146350,4.3651807
463,52.0174306,4.3688780
464,52.0180480,4.3625292
465,52.0159015,4.3649536
466,52.0179460,4.3674232
467,52.0171588,4.3634883
468,52.0182283,4.3623579
469,52.0128050,4.3676208
470,52.0179099,4.3684656
471,52.0177134,4.3686821
472,52.0156518,4.3651663
473,52.0154663,4.3654353
474,52.0153857,4.3647193
475,52.0175370,4.3656434
476,52.0172659,4.3630248
477,52.0171762,4.3625925
478,52.0134168,4.3664839
479,52.0176420,4.3687606
480,52.0158925,4.3649002
481,52.0179957,4.3651614
482,52.0165332,4.3622144
483,52.0155225,4.3683996
484,52.0171986,4.3628685
485,52.0158524,4.3649446
486,52.0170727,4.3625540
487,52.0183273,4.3646497
488,52.0130879,4.3688157
489,52.0173225,4.3631559
490,52.0168871,4.3635035
491,52.0170112,4.3624109
492,52.0132006,4.3690795
493,52.0128153,4.3686187
494,52.0170193,4.3652951
495,52.0170624,4.3625298
496,52.0182183,4.3663155
497,52.0153130,4.3656046
498,52.0134401,4.3665370
499,52.0155398,4.3638784
500,52.0176056,4.3687385
501,52.0126963,4.3687904
502,52.0128871,4.3684363
503,52.0183552,4.3672056
504,52.0179742,4.3654533
505,52.0165648,4.3627302
506,52.0154275,4.3654781
507,52.0133869,4.3689586
508,52.0183440,4.3646889
509,52.0177553,4.3625823
510,52.0176414,4.3658268
511,52.0168960,4.3634036
512,52.0171603,4.3656296
513,52.0183061,4.3640009
514,52.0180649,4.3677444
515,52.0176769,4.3686600
516,52.0152679,4.3640869
517,52.0180585,4.3653085
518,52.0126091,4.3691223
519,52.0177334,4.3657242
520,52.0158123,4.3649888
521,52.0131029,4.3682914
522,52.0125557,4.3690781
523,52.0155709,4.3652559
524,52.0149684,4.3648277
525,52.0173119,4.3631312
526,52.0166335,4.3628953
527,52.0146931,4.3653243
528,52.0172553,4.3630000
529,52.0177556,4.3604535
530,52.0127330,4.3679271
531,52.0131547,4.3689012
532,52.0149516,4.3688589
533,52.0154188,4.3638892
534,52.0182160,4.3662301
535,52.0176022,4.3655324
536,52.0180367,4.3642822
537,52.0136591,4.3673800
538,52.0134373,4.3668541
539,52.0144165,4.3667131
540,52.0120247,4.3690556
541,52.0164608,4.3624868
542,52.0135693,4.3671362
543,52.0181503,4.3620798
544,52.0130319,4.3683425
545,52.0175511,4.3630820
546,52.0169078,4.3638367
547,52.0128681,4.3679533
548,52.0158796,4.3631112
549,52.0157658,4.3643599
550,52.0135210,4.3670306
551,52.0132032,4.3684258
552,52.0166220,4.3641469
553,52.0166753,4.3619432
554,52.0135050,4.3669941
555,52.0135981,4.3672529
556,52.0127341,4.3677928
557,52.0136572,4.3673215
558,52.0134818,4.3669462
559,52.0177987,4.3606689
560,52.0148505,4.3657041
561,52.0166179,4.3640298
562,52.0179769,4.3618220
563,52.0136157,4.3672255
564,52.0152517,4.3659609
565,52.0157854,4.3633981
566,52.0183260,4.3612656
567,52.0150917,4.3642388
568,52.0176649,4.3612338
569,52.0179932,4.3618389
570,52.0175436,4.3631274
571,52.0174813,4.3688228
572,52.0155139,4.3636609
573,52.0125348,4.3681606
574,52.0134744,4.3691616
575,52.0132991,4.3687549
576,52.0156822,4.3641753
577,52.0178412,4.3608872
578,52.0136374,4.3672714
579,52.0180205,4.3620791
580,52.0144420,4.3648282
581,52.0156035,4.3640063
582,52.0144061,4.3648688
583,52.0172580,4.3690342
584,52.0133737,4.3663488
585,52.0166603,4.3688029
586,52.0169919,4.3636590
587,52.0146737,4.3652756
588,52.0134891,4.3670158
589,52.0135905,4.3671836
590,52.0158741,4.3645753
591,52.0135571,4.3671738
592,52.0166068,4.3652935
593,52.0178683,4.3601317
594,52.0136359,4.3673416
595,52.0135388,4.3671300
596,52.0169566,4.3636640
597,52.0175413,4.3605186
598,52.0157920,4.3644141
599,52.0157069,4.3642323
600,52.0161593,4.3649119
601,52.0178995,4.3613668
602,52.0148696,4.3657526
603,52.0169785,4.3663777
604,52.0183117,4.3611671
605,52.0130894,4.3672329
606,52.0135154,4.3661205
607,52.0148313,4.3656569
608,52.0148150,4.3645953
609,52.0166048,4.3640797
610,52.0179322,4.3616953
611,52.0181274,4.3606478
612,52.0127994,4.3680130
613,52.0171300,4.3621691
614,52.0134634,4.3669616
615,52.0180875,4.3611650
616,52.0167555,4.3616260
617,52.0169153,4.3621741
618,52.0179162,4.3607746
619,52.0165841,4.3641366
620,52.0164691,4.3658064
621,52.0156399,4.3687110
622,52.0149687,4.3659948
623,52.0132509,4.3670681
624,52.0124857,4.3687350
625,52.0183315,4.3616155
626,52.0178150,4.3607457
627,52.0161666,4.3630109
628,52.0182130,4.3619414
629,52.0182205,4.3613815
630,52.0181723,4.3618523
631,52.0170247,4.3692465
632,52.0132623,4.3686417
633,52.0182764,4.3620814
634,52.0182952,4.3612252
635,52.0180784,4.3622259
636,52.0180227,4.3615213
637,52.0181493,4.3618016
638,52.0183986,4.3617666
639,52.0182640,4.3614686
640,52.0180452,4.3615728
641,52.0178751,4.3608424
642,52.0134608,4.3668987
643,52.0181089,4.3617125
644,52.0138868,4.3658219
645,52.0143720,4.3649841
646,52.0132896,4.3665000
647,52.0171455,4.3689279
648,52.0180862,4.3616617
649,52.0183552,4.3616789
650,52.0129584,4.3683853
651,52.0182894,4.3615303
652,52.0182357,4.3619922
653,52.0164082,4.3621690
654,52.0143362,4.3650124
655,52.0180036,4.3523692
656,52.0173925,4.3614591
657,52.0148096,4.3643199
658,52.0076572,4.3515174
659,52.0113819,4.3529841
660,52.0064157,4.3526886
661,52.0052865,4.3522350
662,52.0052616,4.3527928
663,52.0068282,4.3543634
664,52.0092214,4.3512234
665,52.0086471,4.3533748
666,52.0110591,4.3525815
667,52.0071013,4.3552843
668,52.0112243,4.3512072
669,52.0076263,4.3535858
670,52.0100180,4.3507522
671,52.0093295,4.3510929
672,52.0062758,4.3540135
673,52.0081871,4.3523828
674,52.0065238,4.3513669
675,52.0083469,4.3548398
676,52.0083772,4.3530673
677,52.0090770,4.3528672
678,52.0099318,4.3537694
679,52.0060182,4.3518159
680,52.0091963,4.3521958
681,52.0097262,4.3539888
682,52.0126028,4.3504250
683,52.0071040,4.3545221
684,52.0112472,4.3528125
685,52.0096476,4.3512590
686,52.0095924,4.3512408
687,52.0064951,4.3518487
688,52.0094026,4.3536150
689,52.0062373,4.3544098
690,52.0123983,4.3506133
691,52.0123507,4.3505078
692,52.0094592,4.3514176
693,52.0094283,4.3514533
694,52.0098700,4.3518233
695,52.0124936,4.3508240
696,52.0089743,4.3529669
697,52.0092875,4.3516252
698,52.0123029,4.3504023
699,52.0125415,4.3509295
700,52.0091009,4.3535459
701,52.0093418,4.3515577
702,52.0096927,4.3539205
703,52.0125893,4.3510348
704,52.0124461,4.3507188
705,52.0093739,4.3515214
706,52.0088880,4.3523094
707,52.0064798,4.3513673
708,52.0098160,4.3541774
709,52.0066624,4.3536613
710,52.0082634,4.3539366
711,52.0054588,4.3522665
712,52.0095169,4.3513584
713,52.0076118,4.3523938
714,52.0094287,4.3526920
715,52.0053797,4.3520862
716,52.0056628,4.3543812
717,52.0076807,4.3527672
718,52.0074103,4.3543272
719,52.0094659,4.3535962
720,52.0072877,4.3506400
721,52.0089718,4.3525561
722,52.0091126,4.3513500
723,52.0069928,4.3552747
724,52.0053104,4.3531803
725,52.0100514,4.3539879
726,52.0092962,4.3541467
727,52.0093950,4.3526195
728,52.0089572,4.3523706
729,52.0070798,4.3542701
730,52.0089950,4.3515387
731,52.0099676,4.3507802
732,52.0058866,4.3536145
733,52.0084942,4.3543181
734,52.0078508,4.3531211
735,52.0115781,4.3526681
736,52.0089531,4.3543838
737,52.0059655,4.3544690
738,52.0090618,4.3518237
739,52.0093773,4.3525049
740,52.0094966,4.3528395
741,52.0094778,4.3527402
742,52.0074335,4.3523110
743,52.0096056,4.3538054
744,52.0093392,4.3536662
745,52.0092709,4.3544200
746,52.0130826,4.3512066
747,52.0066731,4.3525259
748,52.0092027,4.3527844
749,52.0080598,4.3547285
750,52.0118899,4.3524698
751,52.0087448,4.3534246
752,52.0137500,4.3505171
753,52.0129418,4.3510546
754,52.0078663,4.3532719
755,52.0095879,4.3530353
756,52.0096238,4.3538840
757,52.0088463,4.3521927
758,52.0111514,4.3531761
759,52.0092561,4.3523846
760,52.0103641,4.3539321
761,52.0114087,4.3528751
762,52.0091001,4.3530435
763,52.0096591,4.3542070
764,52.0117888,4.3525764
765,52.0099002,4.3511157
766,52.0091738,4.3509736
767,52.0095018,4.3506045
768,52.0063748,4.3540931
769,52.0066568,4.3547027
770,52.0083039,4.3513230
771,52.0093955,4.3507318
772,52.0076131,4.3534108
773,52.0067461,4.3507343
774,52.0078397,4.3513724
775,52.0059977,4.3511842
776,52.0052290,4.3514544
777,52.0101043,4.3539775
778,52.0078295,4.3549054
779,52.0062666,4.3538509
780,52.0080909,4.3547699
781,52.0097296,4.3542197
782,52.0077128,4.3510172
783,52.0083212,4.3513607
784,52.0093844,4.3508135
785,52.0096118,4.3542467
786,52.0091763,4.3517207
787,52.0081007,4.3508803
788,52.0094139,4.3507095
789,52.0093687,4.3507644
790,52.0084255,4.3514953
791,52.0079544,4.3516240
792,52.0088760,4.3514423
793,52.0067864,4.3549011
794,52.0064316,4.3543182
795,52.0061206,4.3547372
796,52.0077295,4.3510555
797,52.0078231,4.3544632
798,52.0072109,4.3519998
799,52.0078140,4.3513160
800,52.0107084,4.3529878
801,52.0077956,4.3514856
802,52.0097010,4.3541856
803,52.0079382,4.3506350
804,52.0095359,4.3506310
805,52.0083582,4.3514410
806,52.0090661,4.3511025
807,52.0078563,4.3548769
808,52.0059249,4.3547579
809,52.0063531,4.3540444
810,52.0070019,4.3544130
811,52.0080834,4.3508430
812,52.0056897,4.3540959
813,52.0103709,4.3507193
814,52.0077155,4.3509027
815,52.0123861,4.3517777
816,52.0124967,4.3518689
817,52.0079931,4.3506468
818,52.0081366,4.3509583
819,52.0065943,4.3547891
820,52.0079373,4.3515866
821,52.0077599,4.3511976
822,52.0107659,4.3531163
823,52.0076301,4.3546404
824,52.0090310,4.3511448
825,52.0081031,4.3506471
826,52.0095143,4.3506569
827,52.0059673,4.3550107
828,52.0087886,4.3505506
829,52.0090307,4.3512145
830,52.0059383,4.3548379
831,52.0070049,4.3533091
832,52.0110805,4.3510612
833,52.0073067,4.3538820
834,52.0054799,4.3520277
835,52.0082148,4.3511289
836,52.0090324,4.3531300
837,52.0092462,4.3508878
838,52.0093348,4.3507817
839,52.0065814,4.3548772
840,52.0058930,4.3545030
841,52.0092816,4.3508462
842,52.0071226,4.3515998
843,52.0068228,4.3548623
844,52.0077700,4.3545278
845,52.0088449,4.3505494
846,52.0088940,4.3504908
847,52.0063315,4.3539960
848,52.0082680,4.3512450
849,52.0070137,4.3540813
850,52.0081975,4.3510917
851,52.0117737,4.3520072
852,52.0112640,4.3505895
853,52.0091388,4.3510164
854,52.0076988,4.3509228
855,52.0098060,4.3509082
856,52.0133324,4.3505236
857,52.0059596,4.3549643
858,52.0079892,4.3517007
859,52.0059809,4.3550923
860,52.0132655,4.3506661
861,52.0059461,4.3548842
862,52.0067696,4.3506266
863,52.0066494,4.3548017
864,52.0103130,4.3505956
865,52.0090848,4.3510804
866,52.0059236,4.3512662
867,52.0080435,4.3518195
868,52.0059697,4.3512172
869,52.0093056,4.3521140
870,52.0096107,4.3505417
871,52.0080062,4.3517380
872,52.0076761,4.3512905
873,52.0063099,4.3539478
874,52.0089152,4.3511331
875,52.0090124,4.3511669
876,52.0073808,4.3540431
877,52.0094669,4.3506472
878,52.0081537,4.3509959
879,52.0106804,4.3523923
880,52.0078503,4.3544322
881,52.0073176,4.3539058
882,52.0065137,4.3521883
883,52.0091202,4.3510384
884,52.0091923,4.3509517
885,52.0051802,4.3525773
886,52.0058473,4.3544028
887,52.0077430,4.3511600
888,52.0071025,4.3513499
889,52.0060984,4.3551255
890,52.0089819,4.3512216
891,52.0082510,4.3512072
892,52.0093002,4.3508240
893,52.0094484,4.3506693
894,52.0066079,4.3548476
895,52.0076885,4.3546157
896,52.0078046,4.3549315
897,52.0070646,4.3533935
898,52.0087657,4.3505780
899,52.0060651,4.3511096
900,52.0095892,4.3505676
901,52.0128907,4.3505619
902,52.0113151,4.3520190
903,52.0087501,4.3506624
904,52.0098606,4.3510285
905,52.0062101,4.3540432
906,52.0095204,4.3505824
907,52.0078835,4.3514684
908,52.0098450,4.3509939
909,52.0124986,4.3515186
910,52.0092277,4.3509100
911,52.0080298,4.3507266
912,52.0072671,4.3519390
913,52.0079006,4.3515059
914,52.0060108,4.3550585
915,52.0059172,4.3547115
916,52.0062884,4.3538996
917,52.0057318,4.3541977
918,52.0077971,4.3512785
919,52.0077436,4.3545580
920,52.0071110,4.3513718
921,52.0090396,4.3536757
922,52.0074030,4.3540914
923,52.0078990,4.3516107
924,52.0106385,4.3535709
925,52.0121864,4.3506426
926,52.0059009,4.3512917
927,52.0086174,4.3528098
928,52.0073919,4.3540672
929,52.0087733,4.3506348
930,52.0112381,4.3505322
931,52.0112902,4.3506472
932,52.0079118,4.3517515
933,52.0111821,4.3529909
934,52.0080471,4.3507638
935,52.0133381,4.3505826
936,52.0131670,4.3509723
937,52.0062901,4.3526210
938,52.0063196,4.3540871
939,52.0076129,4.3529140
940,52.0070108,4.3522256
941,52.0095744,4.3505183
942,52.0072063,4.3513423
943,52.0129618,4.3508230
944,52.0090096,4.3513712
945,52.0131105,4.3508315
946,52.0059806,4.3549044
947,52.0078773,4.3544013
948,52.0077289,4.3530282
949,52.0095558,4.3505404
950,52.0112111,4.3504714
951,52.0073186,4.3516028
952,52.0067496,4.3509317
953,52.0080691,4.3519856
954,52.0059727,4.3551885
955,52.0103808,4.3512590
956,52.0081572,4.3548178
957,52.0074507,4.3521988
958,52.0094390,4.3507475
959,52.0088374,4.3504927
960,52.0114391,4.3527152
961,52.0088360,4.3513554
962,52.0079964,4.3536075
963,52.0060428,4.3511345
964,52.0073287,4.3539301
965,52.0088221,4.3505766
966,52.0116707,4.3520265
967,52.0086269,4.3505092
968,52.0098886,4.3504303
969,52.0079698,4.3504632
970,52.0052134,4.3526547
971,52.0115150,4.3528627
972,52.0077829,4.3549509
973,52.0101758,4.3508056
974,52.0128089,4.3507070
975,52.0086786,4.3506182
976,52.0098751,4.3509205
977,52.0074292,4.3531568
978,52.0111756,4.3525012
979,52.0079976,4.3517941
980,52.0059605,4.3543936
981,52.0081902,4.3521604
982,52.0062920,4.3523699
983,52.0089163,4.3515303
984,52.0089326,4.3532698
985,52.0074528,4.3553406
986,52.0064915,4.3543275
987,52.0087096,4.3506836
988,52.0071865,4.3547858
989,52.0110413,4.3529520
990,52.0072814,4.3541060
991,52.0081598,4.3505281
992,52.0078207,4.3527759
993,52.0118401,4.3523156
994,52.0113236,4.3507143
995,52.0074110,4.3518325
996,52.0061412,4.3541950
997,52.0072675,4.3504584
998,52.0052462,4.3527306
999,52.0130316,4.3508533
1000,52.0069432,4.3531667
1001,52.0070855,4.3540737
1002,52.0065807,4.3535053
1003,52.0087177,4.3506353
1004,52.0087334,4.3507288
1005,52.0068526,4.3513207
1006,52.0110735,4.3530259
1007,52.0086203,4.3529333
1008,52.0082179,4.3507030
1009,52.0066981,4.3552701
1010,52.0073206,4.3507954
1011,52.0060658,4.3546980
1012,52.0096329,4.3515286
1013,52.0069969,4.3511228
1014,52.0058399,4.3541253
1015,52.0079280,4.3516884
1016,52.0077938,4.3527125
1017,52.0073141,4.3541971
1018,52.0087988,4.3512669
1019,52.0097103,4.3514621
1020,52.0115012,4.3524714
1021,52.0077960,4.3544943
1022,52.0111912,4.3525340
1023,52.0075206,4.3533266
1024,52.0078860,4.3548552
1025,52.0090251,4.3524632
1026,52.0078381,4.3528493
1027,52.0075216,4.3546218
1028,52.0082185,4.3542063
1029,52.0072223,4.3547445
1030,52.0071482,4.3548111
1031,52.0071053,4.3548605
1032,52.0074721,4.3524633
1033,52.0091390,4.3510801
1034,52.0086481,4.3505535
1035,52.0068285,4.3551648
1036,52.0083240,4.3545181
1037,52.0112736,4.3519252
1038,52.0075990,4.3508668
1039,52.0085847,4.3529748
1040,52.0079446,4.3543419
1041,52.0085619,4.3545404
1042,52.0080309,4.3520345
1043,52.0069246,4.3550611
1044,52.0065036,4.3521583
1045,52.0065285,4.3521765
1046,52.0129354,4.3506688
1047,52.0070032,4.3549832
1048,52.0108633,4.3521779
1049,52.0091144,4.3519461
1050,52.0088992,4.3534742
1051,52.0075488,4.3547062
1052,52.0071503,4.3520759
1053,52.0060155,4.3545813
1054,52.0079378,4.3517738
1055,52.0067546,4.3505771
1056,52.0126739,4.3506239
1057,52.0070762,4.3548915
1058,52.0058449,4.3546159
1059,52.0076907,4.3515883
1060,52.0127998,4.3509032
1061,52.0069199,4.3512709
1062,52.0127147,4.3507156
1063,52.0086732,4.3522598
1064,52.0075219,4.3512536
1065,52.0080845,4.3524909
1066,52.0090477,4.3519369
1067,52.0128010,4.3506616
1068,52.0072112,4.3539732
1069,52.0058215,4.3540816
1070,52.0083007,4.3526902
1071,52.0086283,4.3524378
1072,52.0127591,4.3508117
1073,52.0066560,4.3504873
1074,52.0061758,4.3542497
1075,52.0070454,4.3553293
1076,52.0067575,4.3552417
1077,52.0096663,4.3504770
1078,52.0095745,4.3536221
1079,52.0051996,4.3520809
1080,52.0073127,4.3549516
1081,52.0073713,4.3517307
1082,52.0088540,4.3538761
1083,52.0075327,4.3521102
1084,52.0082430,4.3507654
1085,52.0104669,4.3509507
1086,52.0066377,4.3553418
1087,52.0091960,4.3529795
1088,52.0086541,4.3524954
1089,52.0086604,4.3529092
1090,52.0074450,4.3519982
1091,52.0064948,4.3535842
1092,52.0108014,4.3519119
1093,52.0056413,4.3529285
1094,52.0068067,4.3508293
1095,52.0066316,4.3539161
1096,52.0082783,4.3537506
1097,52.0079418,4.3547939
1098,52.0081701,4.3525681
1099,52.0068444,4.3525634
1100,52.0091582,4.3531791
1101,52.0079194,4.3548263
1102,52.0064759,4.3535249
1103,52.0071560,4.3512344
1104,52.0059382,4.3546720
1105,52.0066845,4.3505584
1106,52.0091434,4.3520025
1107,52.0071446,4.3543165
1108,52.0061230,4.3548074
1109,52.0080701,4.3533951
1110,52.0090613,4.3541522
1111,52.0104971,4.3508937
1112,52.0078714,4.3529349
1113,52.0083947,4.3541180
1114,52.0090199,4.3536801
1115,52.0075736,4.3523030
1116,52.0123925,4.3508409
1117,52.0069505,4.3512283
1118,52.0077118,4.3516288
1119,52.0091527,4.3518152
1120,52.0067162,4.3506379
1121,52.0091693,4.3520466
1122,52.0085074,4.3544904
1123,52.0109760,4.3534099
1124,52.0094625,4.3507344
1125,52.0082205,4.3523410
1126,52.0128434,4.3509999
1127,52.0060668,4.3540721
1128,52.0104333,4.3509868
1129,52.0126294,4.3505259
1130,52.0070036,4.3546698
1131,52.0088108,4.3527140
1132,52.0075032,4.3545806
1133,52.0087971,4.3532078
1134,52.0070831,4.3541758
1135,52.0081857,4.3506152
1136,52.0092863,4.3521398
1137,52.0126372,4.3511397
1138,52.0084715,4.3515321
1139,52.0089136,4.3525570
1140,52.0059907,4.3538913
1141,52.0072100,4.3518267
1142,52.0057956,4.3540170
1143,52.0104020,4.3506783
1144,52.0072158,4.3543958
1145,52.0066150,4.3538610
1146,52.0110327,4.3524632
1147,52.0074362,4.3525482
1148,52.0085275,4.3543719
1149,52.0114562,4.3518316
1150,52.0110513,4.3533319
1151,52.0064642,4.3512373
1152,52.0069536,4.3509325
1153,52.0066742,4.3540199
1154,52.0108472,4.3525503
1155,52.0081972,4.3544539
1156,52.0079204,4.3543752
1157,52.0093421,4.3524567
1158,52.0091551,4.3536796
1159,52.0091814,4.3518052
1160,52.0118218,4.3577519
1161,52.0124292,4.3593986
1162,52.0106615,4.3590034
1163,52.0119421,4.3582047
1164,52.0158352,4.3554476
1165,52.0167747,4.3595108
1166,52.0117032,4.3615645
1167,52.0116584,4.3630334
1168,52.0157992,4.3564947
1169,52.0092073,4.3582726
1170,52.0112472,4.3629099
1171,52.0166830,4.3601709
1172,52.0119805,4.3654291
1173,52.0113197,4.3642689
1174,52.0104202,4.3591387
1175,52.0085117,4.3614899
1176,52.0120390,4.3568144
1177,52.0133422,4.3635355
1178,52.0104733,4.3572983
1179,52.0129409,4.3618221
1180,52.0112376,4.3673509
1181,52.0104429,4.3561565
1182,52.0128794,4.3610146
1183,52.0108355,4.3576387
1184,52.0139631,4.3528716
1185,52.0107623,4.3588110
1186,52.0140219,4.3572938
1187,52.0079159,4.3622917
1188,52.0149775,4.3565021
1189,52.0143118,4.3606000
1190,52.0086175,4.3593439
1191,52.0129158,4.3621528
1192,52.0128980,4.3623017
1193,52.0105544,4.3578955
1194,52.0115529,4.3631791
1195,52.0137227,4.3608427
1196,52.0138230,4.3525855
1197,52.0079805,4.3610824
1198,52.0088078,4.3591156
1199,52.0063751,4.3616258
1200,52.0117154,4.3642983
1201,52.0114232,4.3552814
1202,52.0103248,4.3587993
1203,52.0105533,4.3670775
1204,52.0112999,4.3573581
1205,52.0133121,4.3602755
1206,52.0127742,4.3598097
1207,52.0123026,4.3640391
1208,52.0123306,4.3624984
1209,52.0135003,4.3633848
1210,52.0120520,4.3629885
1211,52.0119428,4.3548443
1212,52.0160053,4.3540816
1213,52.0082409,4.3616306
1214,52.0109513,4.3633815
1215,52.0157608,4.3547445
1216,52.0106509,4.3563636
1217,52.0111974,4.3650848
1218,52.0166927,4.3598608
1219,52.0171352,4.3571178
1220,52.0058904,4.3603185
1221,52.0093602,4.3606878
1222,52.0114655,4.3662285
1223,52.0160660,4.3554427
1224,52.0107218,4.3665234
1225,52.0080851,4.3613981
1226,52.0119541,4.3638752
1227,52.0181491,4.3543589
1228,52.0102621,4.3661983
1229,52.0151168,4.3618084
1230,52.0166583,4.3555695
1231,52.0134868,4.3647069
1232,52.0129565,4.3623702
1233,52.0116065,4.3616211
1234,52.0114346,4.3601292
1235,52.0085785,4.3613723
1236,52.0095787,4.3596466
1237,52.0117066,4.3634084
1238,52.0094804,4.3581433
1239,52.0111571,4.3595148
1240,52.0130626,4.3638861
1241,52.0162641,4.3600194
1242,52.0107130,4.3673697
1243,52.0103380,4.3646432
1244,52.0118155,4.3663819
1245,52.0113631,4.3654877
1246,52.0106822,4.3619388
1247,52.0163327,4.3601974
1248,52.0146649,4.3532985
1249,52.0149447,4.3565470
1250,52.0123184,4.3590364
1251,52.0105137,4.3550775
1252,52.0124524,4.3583191
1253,52.0128625,4.3620364
1254,52.0086989,4.3624332
1255,52.0114958,4.3651730
1256,52.0115518,4.3648099
1257,52.0105073,4.3590318
1258,52.0069763,4.3624034
1259,52.0078026,4.3617261
1260,52.0127336,4.3601634
1261,52.0131772,4.3617882
1262,52.0109863,4.3576150
1263,52.0135078,4.3608731
1264,52.0121625,4.3582353
1265,52.0146838,4.3587795
1266,52.0059598,4.3602398
1267,52.0154143,4.3578616
1268,52.0099233,4.3583493
1269,52.0064884,4.3611111
1270,52.0112669,4.3574186
1271,52.0062030,4.3600248
1272,52.0139761,4.3624111
1273,52.0109075,4.3672736
1274,52.0082063,4.3604128
1275,52.0126646,4.3598062
1276,52.0106088,4.3672330
1277,52.0125566,4.3630725
1278,52.0097327,4.3600872
1279,52.0170169,4.3587679
1280,52.0134872,4.3520663
1281,52.0085317,4.3614295
1282,52.0110108,4.3602291
1283,52.0105794,4.3617321
1284,52.0118666,4.3639315
1285,52.0078187,4.3606057
1286,52.0120908,4.3560881
1287,52.0111170,4.3586321
1288,52.0089503,4.3624189
1289,52.0109572,4.3663076
1290,52.0116900,4.3677865
1291,52.0140537,4.3638752
1292,52.0104841,4.3599095
1293,52.0074493,4.3593466
1294,52.0112355,4.3579902
1295,52.0135540,4.3609813
1296,52.0174162,4.3553179
1297,52.0107966,4.3583902
1298,52.0081385,4.3616477
1299,52.0145634,4.3531379
1300,52.0109850,4.3663698
1301,52.0114784,4.3595747
1302,52.0141841,4.3598801
1303,52.0096923,4.3584844
1304,52.0096649,4.3607150
1305,52.0168141,4.3531730
1306,52.0059955,4.3600722
1307,52.0105393,4.3572539
1308,52.0122242,4.3587939
1309,52.0137059,4.3642633
1310,52.0126327,4.3607197
1311,52.0085723,4.3614311
1312,52.0101879,4.3609528
1313,52.0135800,4.3635414
1314,52.0168864,4.3563988
1315,52.0134080,4.3635668
1316,52.0148017,4.3531406
1317,52.0123273,4.3598987
1318,52.0115622,4.3614793
1319,52.0087463,4.3624938
1320,52.0088401,4.3664872
1321,52.0118559,4.3586662
1322,52.0070202,4.3623928
1323,52.0126351,4.3628419
1324,52.0123646,4.3547526
1325,52.0128553,4.3625387
1326,52.0105815,4.3600290
1327,52.0108987,4.3589996
1328,52.0102105,4.3617681
1329,52.0100389,4.3581832
1330,52.0114449,4.3573213
1331,52.0107878,4.3592064
1332,52.0107032,4.3584165
1333,52.0122083,4.3585837
1334,52.0095964,4.3614209
1335,52.0107436,4.3668714
1336,52.0119849,4.3635787
1337,52.0139699,4.3520174
1338,52.0090597,4.3610962
1339,52.0105407,4.3594252
1340,52.0094879,4.3586208
1341,52.0121488,4.3587128
1342,52.0115999,4.3630989
1343,52.0117154,4.3543408
1344,52.0121567,4.3566743
1345,52.0176428,4.3553639
1346,52.0115870,4.3659296
1347,52.0130775,4.3620314
1348,52.0150855,4.3572046
1349,52.0072454,4.3625845
1350,52.0146079,4.3522942
1351,52.0095348,4.3613799
1352,52.0087659,4.3591850
1353,52.0061064,4.3596084
1354,52.0111828,4.3559210
1355,52.0127803,4.3643478
1356,52.0106311,4.3595144
1357,52.0108163,4.3667103
1358,52.0137174,4.3555445
1359,52.0132213,4.3528183
1360,52.0102962,4.3557758
1361,52.0104277,4.3586582
1362,52.0112637,4.3657555
1363,52.0125286,4.3631316
1364,52.0175246,4.3588598
1365,52.0115710,4.3647102
1366,52.0065297,4.3595378
1367,52.0133884,4.3626829
1368,52.0082929,4.3613845
1369,52.0092535,4.3581932
1370,52.0160887,4.3555014
1371,52.0127394,4.3634836
1372,52.0150132,4.3576306
1373,52.0100935,4.3615556
1374,52.0106930,4.3596582
1375,52.0122710,4.3597281
1376,52.0144164,4.3604347
1377,52.0166615,4.3599618
1378,52.0115515,4.3663451
1379,52.0106954,4.3572087
1380,52.0111823,4.3606563
1381,52.0135841,4.3626742
1382,52.0070937,4.3612672
1383,52.0090446,4.3587961
1384,52.0101854,4.3590635
1385,52.0146929,4.3559496
1386,52.0144606,4.3624668
1387,52.0085352,4.3620446
1388,52.0116320,4.3543806
1389,52.0110743,4.3594435
1390,52.0121736,4.3631205
1391,52.0098139,4.3578515
1392,52.0080431,4.3612828
1393,52.0120748,4.3578228
1394,52.0177806,4.3558072
1395,52.0119240,4.3636023
1396,52.0119242,4.3579959
1397,52.0094816,4.3615044
1398,52.0109933,4.3656990
1399,52.0160609,4.3540353
1400,52.0140752,4.3535024
1401,52.0127735,4.3590048
1402,52.0140417,4.3561859
1403,52.0123056,4.3598352
1404,52.0111763,4.3660069
1405,52.0094055,4.3586816
1406,52.0163972,4.3527615
1407,52.0071592,4.3624330
1408,52.0177235,4.3568229
1409,52.0108043,4.3608882
1410,52.0072071,4.3623775
1411,52.0118299,4.3625575
1412,52.0110399,4.3575970
1413,52.0103718,4.3587299
1414,52.0113124,4.3631033
1415,52.0107482,4.3562379
1416,52.0109102,4.3670240
1417,52.0143943,4.3632617
1418,52.0113740,4.3601041
1419,52.0113051,4.3654792
1420,52.0122742,4.3595875
1421,52.0114136,4.3653340
1422,52.0090497,4.3583597
1423,52.0133794,4.3578351
1424,52.0123557,4.3637191
1425,52.0103991,4.3684923
1426,52.0070669,4.3591957
1427,52.0096534,4.3606501
1428,52.0129699,4.3615559
1429,52.0117353,4.3621770
1430,52.0130843,4.3569328
1431,52.0132099,4.3651066
1432,52.0122432,4.3646305
1433,52.0102923,4.3579118
1434,52.0129746,4.3649248
1435,52.0139336,4.3590826
1436,52.0130012,4.3556565
1437,52.0117020,4.3641812
1438,52.0105468,4.3609324
1439,52.0158637,4.3549388
1440,52.0140787,4.3548708
1441,52.0081400,4.3583412
1442,52.0075269,4.3607328
1443,52.0121344,4.3629042
1444,52.0075780,4.3599726
1445,52.0130683,4.3553950
1446,52.0119308,4.3670849
1447,52.0085992,4.3654960
1448,52.0072759,4.3586389
1449,52.0079785,4.3605060
1450,52.0102878,4.3566230
1451,52.0105525,4.3586325
1452,52.0085717,4.3621774
1453,52.0165109,4.3543050
1454,52.0155220,4.3552754
1455,52.0068616,4.3610825
1456,52.0111837,4.3547375
1457,52.0128271,4.3636497
1458,52.0069883,4.3592633
1459,52.0136524,4.3555746
1460,52.0177411,4.3556024
1461,52.0119995,4.3583311
1462,52.0114021,4.3542186
1463,52.0062882,4.3615253
1464,52.0177602,4.3572798
1465,52.0062065,4.3613498
1466,52.0104701,4.3577744
1467,52.0115202,4.3603797
1468,52.0074846,4.3610565
1469,52.0103769,4.3597448
1470,52.0110355,4.3664935
1471,52.0165949,4.3569004
1472,52.0133833,4.3645189
1473,52.0092252,4.3575809
1474,52.0126030,4.3640426
1475,52.0106878,4.3655468
1476,52.0177579,4.3569141
1477,52.0111930,4.3574246
1478,52.0134027,4.3648680
1479,52.0069857,4.3615467
1480,52.0129589,4.3591461
1481,52.0090178,4.3631141
1482,52.0126985,4.3600145
1483,52.0166851,4.3569417
1484,52.0114713,4.3663412
1485,52.0102249,4.3596195
1486,52.0113791,4.3650304
1487,52.0109073,4.3595920
1488,52.0113236,4.3555673
1489,52.0159503,4.3541497
1490,52.0110251,4.3643674
1491,52.0140576,4.3623234
1492,52.0109297,4.3612192
1493,52.0093524,4.3574560
1494,52.0077320,4.3598737
1495,52.0107271,4.3591639
1496,52.0167721,4.3605931
1497,52.0134022,4.3571142
1498,52.0123259,4.3589414
1499,52.0111224,4.3614822
1500,52.0126710,4.3632923
1501,52.0137497,4.3631667
1502,52.0164895,4.3565782
1503,52.0110851,4.3605124
1504,52.0122116,4.3576070
1505,52.0121197,4.3567324
1506,52.0101077,4.3567294
1507,52.0173140,4.3567219
1508,52.0134516,4.3607105
1509,52.0127186,4.3600813
1510,52.0084619,4.3580181
1511,52.0109247,4.3661915
1512,52.0116178,4.3649441
1513,52.0128649,4.3554436
1514,52.0178217,4.3581182
1515,52.0114988,4.3646224
1516,52.0074427,4.3601143
1517,52.0110676,4.3614472
1518,52.0100272,4.3613827
1519,52.0111801,4.3602076
1520,52.0139461,4.3612923
1521,52.0109813,4.3581695
1522,52.0102894,4.3610170
1523,52.0110734,4.3661634
1524,52.0100279,4.3596310
1525,52.0121117,4.3618304
1526,52.0112204,4.3607251
1527,52.0133616,4.3539291
1528,52.0093676,4.3582469
1529,52.0099476,4.3610779
1530,52.0120639,4.3583764
1531,52.0113827,4.3654262
1532,52.0101091,4.3616308
1533,52.0122359,4.3565863
1534,52.0104417,4.3658808
1535,52.0096656,4.3571941
1536,52.0108063,4.3599472
1537,52.0156059,4.3534422
1538,52.0113012,4.3572444
1539,52.0131180,4.3627381
1540,52.0098859,4.3604937
1541,52.0100051,4.3604125
1542,52.0111213,4.3660615
1543,52.0114952,4.3661804
1544,52.0179513,4.3540079
1545,52.0091620,4.3681258
1546,52.0124886,4.3664246
1547,52.0142578,4.3561883
1548,52.0118766,4.3579695
1549,52.0116866,4.3550770
1550,52.0173730,4.3549353
1551,52.0108710,4.3573944
1552,52.0083123,4.3593635
1553,52.0115167,4.3612582
1554,52.0123993,4.3541806
1555,52.0121817,4.3584521
1556,52.0086565,4.3579646
1557,52.0101982,4.3602840
1558,52.0100719,4.3557272
1559,52.0103383,4.3573234
1560,52.0105888,4.3613531
1561,52.0144554,4.3568280
1562,52.0107252,4.3599500
1563,52.0101561,4.3601995
1564,52.0115167,4.3649948
1565,52.0114440,4.3652626
1566,52.0148070,4.3556087
1567,52.0115194,4.3577366
1568,52.0086907,4.3619490
1569,52.0167771,4.3547821
1570,52.0089211,4.3585754
1571,52.0062633,4.3596831
1572,52.0094321,4.3615975
1573,52.0111004,4.3619565
1574,52.0102198,4.3566455
1575,52.0156056,4.3556617
1576,52.0118181,4.3623039
1577,52.0122068,4.3623050
1578,52.0109590,4.3636815
1579,52.0093423,4.3617214
1580,52.0126729,4.3544018
1581,52.0111403,4.3568497
1582,52.0091723,4.3616555
1583,52.0117395,4.3660336
1584,52.0164082,4.3601172
1585,52.0170883,4.3566604
1586,52.0107383,4.3589336
1587,52.0073998,4.3643934
1588,52.0084727,4.3594585
1589,52.0177523,4.3576618
1590,52.0115735,4.3680686
1591,52.0141198,4.3525345
1592,52.0085392,4.3599714
1593,52.0094958,4.3568431
1594,52.0077181,4.3622861
1595,52.0137174,4.3634829
1596,52.0100049,4.3651694
1597,52.0102203,4.3684005
1598,52.0074724,4.3637457
1599,52.0122045,4.3666560
1600,52.0100455,4.3658603
1601,52.0147495,4.3614972
1602,52.0099995,4.3657475
1603,52.0099133,4.3557450
1604,52.0119406,4.3588570
1605,52.0176555,4.3568954
1606,52.0109862,4.3617970
1607,52.0102155,4.3653246
1608,52.0154676,4.3581701
1609,52.0125821,4.3633839
1610,52.0171923,4.3551759
1611,52.0101387,4.3655997
1612,52.0111308,4.3655686
1613,52.0150270,4.3554588
1614,52.0176722,4.3580247
1615,52.0101885,4.3657169
1616,52.0153309,4.3598655
1617,52.0172233,4.3546196
1618,52.0176965,4.3581806
1619,52.0120200,4.3666940
1620,52.0103401,4.3682688
1621,52.0170536,4.3562646
1622,52.0171376,4.3558499
1623,52.0109391,4.3588567
1624,52.0091285,4.3619210
1625,52.0172975,4.3558980
1626,52.0127230,4.3644222
1627,52.0098552,4.3651199
1628,52.0100761,4.3653530
1629,52.0144060,4.3528615
1630,52.0170766,4.3562391
1631,52.0175172,4.3558684
1632,52.0125202,4.3581456
1633,52.0122068,4.3655571
1634,52.0100446,4.3653780
1635,52.0137018,4.3588627
1636,52.0174166,4.3555116
1637,52.0168720,4.3561905
1638,52.0167843,4.3534835
1639,52.0125442,4.3661555
1640,52.0170567,4.3547592
1641,52.0088514,4.3624167
1642,52.0153986,4.3588856
1643,52.0081403,4.3591995
1644,52.0144093,4.3609372
1645,52.0138526,4.3596671
1646,52.0162626,4.3563409
1647,52.0177156,4.3582216
1648,52.0139504,4.3644800
1649,52.0155782,4.3593841
1650,52.0099536,4.3656347
1651,52.0161562,4.3562911
1652,52.0128694,4.3639196
1653,52.0176271,4.3579135
1654,52.0148554,4.3587712
1655,52.0172082,4.3552133
1656,52.0129481,4.3650572
1657,52.0120305,4.3655120
1658,52.0150167,4.3591762
1659,52.0076753,4.3609439
1660,52.0154996,4.3590972
1661,52.0171278,4.3546799
1662,52.0128145,4.3647026
1663,52.0075849,4.3622892
1664,52.0176454,4.3556226
1665,52.0123933,4.3659010
1666,52.0130405,4.3646880
1667,52.0057730,4.3595438
1668,52.0170451,4.3565600
1669,52.0128781,4.3643422
1670,52.0083416,4.3616300
1671,52.0128066,4.3647944
1672,52.0154846,4.3574224
1673,52.0059605,4.3593742
1674,52.0175014,4.3558310
1675,52.0117554,4.3658975
1676,52.0154683,4.3591251
1677,52.0101516,4.3601341
1678,52.0076325,4.3645929
1679,52.0128481,4.3642987
1680,52.0153680,4.3588280
1681,52.0139509,4.3597789
1682,52.0122870,4.3625841
1683,52.0176576,4.3583058
1684,52.0170234,4.3565099
1685,52.0124391,4.3533346
1686,52.0105856,4.3666246
1687,52.0092339,4.3601112
1688,52.0170496,4.3564533
1689,52.0165753,4.3599089
1690,52.0088109,4.3623212
1691,52.0133325,4.3605212
1692,52.0147288,4.3618918
1693,52.0162481,4.3567826
1694,52.0103863,4.3682181
1695,52.0074448,4.3615298
1696,52.0077338,4.3644761
1697,52.0169634,4.3551884
1698,52.0113335,4.3677513
1699,52.0139195,4.3596964
1700,52.0171473,4.3561014
1701,52.0103611,4.3661413
1702,52.0170497,4.3553905
1703,52.0079383,4.3608579
1704,52.0104262,4.3649669
1705,52.0156599,4.3577786
1706,52.0072004,4.3639413
1707,52.0126475,4.3658893
1708,52.0061157,4.3598867
1709,52.0123028,4.3637939
1710,52.0117682,4.3676730
1711,52.0155416,4.3591948
1712,52.0172624,4.3557111
1713,52.0111647,4.3587640
1714,52.0173836,4.3560995
1715,52.0155071,4.3592165
1716,52.0139973,4.3624574
1717,52.0156865,4.3595334
1718,52.0102141,4.3660296
1719,52.0111276,4.3554337
1720,52.0175827,4.3578040
1721,52.0155226,4.3560054
1722,52.0074234,4.3644473
1723,52.0127909,4.3648128
1724,52.0092410,4.3601346
1725,52.0099947,4.3652606
1726,52.0120687,4.3582746
1727,52.0077527,4.3615028
1728,52.0138453,4.3565426
1729,52.0172854,4.3556855
1730,52.0169907,4.3552525
1731,52.0076447,4.3649484
1732,52.0069751,4.3612330
1733,52.0104355,4.3600800
1734,52.0169965,4.3527571
1735,52.0105705,4.3649753
1736,52.0099312,4.3684114
1737,52.0092942,4.3623117
1738,52.0073522,4.3642855
1739,52.0171165,4.3543531
1740,52.0114144,4.3675841
1741,52.0176383,4.3575779
1742,52.0167938,4.3535177
1743,52.0168299,4.3536466
1744,52.0134554,4.3626917
1745,52.0153483,4.3588771
1746,52.0102715,4.3611273
1747,52.0096571,4.3605300
1748,52.0156324,4.3584679
1749,52.0156226,4.3551086
1750,52.0104831,4.3576585
1751,52.0108664,4.3655925
1752,52.0128012,4.3624760
1753,52.0104130,4.3664756
1754,52.0150554,4.3552393
1755,52.0167577,4.3537517
1756,52.0172705,4.3547367
1757,52.0082134,4.3602967
1758,52.0151022,4.3558458
1759,52.0127842,4.3646429
1760,52.0160783,4.3552061
1761,52.0171608,4.3558242
1762,52.0099461,4.3652050
1763,52.0114689,4.3602000
1764,52.0170932,4.3565541
1765,52.0109495,4.3573113
1766,52.0150288,4.3552686
1767,52.0132319,4.3644427
1768,52.0113889,4.3676141
1769,52.0102605,4.3683562
1770,52.0127412,4.3630528
1771,52.0103939,4.3590320
1772,52.0171313,4.3560643
1773,52.0104448,4.3665470
1774,52.0100446,4.3652787
1775,52.0108612,4.3635522
1776,52.0087097,4.3620472
1777,52.0102435,4.3564432
1778,52.0115959,4.3598565
1779,52.0168872,4.3562267
1780,52.0170772,4.3565170
1781,52.0171292,4.3543847
1782,52.0128603,4.3643645
1783,52.0155233,4.3592545
1784,52.0154115,4.3550325
1785,52.0165578,4.3598685
1786,52.0102153,4.3640392
1787,52.0173245,4.3556418
1788,52.0103843,4.3580991
1789,52.0153782,4.3573414
1790,52.0098840,4.3556798
1791,52.0150466,4.3622553
1792,52.0073284,4.3642317
1793,52.0128700,4.3642713
1794,52.0171087,4.3547011
1795,52.0093016,4.3620440
1796,52.0109738,4.3573846
1797,52.0070848,4.3626093
1798,52.0164479,4.3534344
1799,52.0081726,4.3610885
1800,52.0155568,4.3592310
1801,52.0092686,4.3619057
1802,52.0152329,4.3586465
1803,52.0147839,4.3524713
1804,52.0152914,4.3588759
1805,52.0155539,4.3596126
1806,52.0077253,4.3651310
1807,52.0127985,4.3647207
1808,52.0117432,4.3601947
1809,52.0098842,4.3651877
1810,52.0101576,4.3655448
1811,52.0129912,4.3655970
1812,52.0108301,4.3598247
1813,52.0104678,4.3664432
1814,52.0125396,4.3635502
1815,52.0092269,4.3600884
1816,52.0167239,4.3529159
1817,52.0093392,4.3624179
1818,52.0159344,4.3565961
1819,52.0174303,4.3556629
1820,52.0139872,4.3644285
1821,52.0128248,4.3644088
1822,52.0159095,4.3566237
1823,52.0104774,4.3647558
1824,52.0153113,4.3574211
1825,52.0104469,4.3663310
1826,52.0171164,4.3561951
1827,52.0076660,4.3645542
1828,52.0114320,4.3679720
1829,52.0123200,4.3581466
1830,52.0128959,4.3643199
1831,52.0121513,4.3560793
1832,52.0074671,4.3596419
1833,52.0137383,4.3523176
1834,52.0177960,4.3577696
1835,52.0152511,4.3610372
1836,52.0152872,4.3587385
1837,52.0148777,4.3588072
1838,52.0101021,4.3589659
1839,52.0122875,4.3580757
1840,52.0134126,4.3555640
1841,52.0104318,4.3646638
1842,52.0144138,4.3581817
1843,52.0171873,4.3581764
1844,52.0087962,4.3623785
1845,52.0105812,4.3593182
1846,52.0172230,4.3557549
1847,52.0097868,4.3601824
1848,52.0173676,4.3560624
1849,52.0120023,4.3537937
1850,52.0176877,4.3557203
1851,52.0109990,4.3574610
1852,52.0162634,4.3538382
1853,52.0101836,4.3660629
1854,52.0073759,4.3643395
1855,52.0165926,4.3599492
1856,52.0148530,4.3588349
1857,52.0154523,4.3589861
1858,52.0099076,4.3655218
1859,52.0168203,4.3536126
1860,52.0170376,4.3547804
1861,52.0128725,4.3591585
1862,52.0153635,4.3598292
1863,52.0087118,4.3623357
1864,52.0077003,4.3648811
1865,52.0123084,4.3625403
1866,52.0114199,4.3646959
1867,52.0128569,4.3593662
1868,52.0175556,4.3577372
1869,52.0128071,4.3644310
1870,52.0171494,4.3550750
1871,52.0118494,4.3630364
1872,52.0127664,4.3647567
1873,52.0101028,4.3650609
1874,52.0100943,4.3654952
1875,52.0072737,4.3618359
1876,52.0171908,4.3562041
1877,52.0141456,4.3571876
1878,52.0123698,4.3664634
1879,52.0171203,4.3566174
1880,52.0154735,4.3614839
1881,52.0177234,4.3575905
1882,52.0174113,4.3556183
1883,52.0166663,4.3590798
1884,52.0119127,4.3666525
1885,52.0169846,4.3564125
1886,52.0075514,4.3647374
1887,52.0138248,4.3596066
1888,52.0158846,4.3566513
1889,52.0074472,4.3645012
1890,52.0155865,4.3576124
1891,52.0173477,4.3556159
1892,52.0072809,4.3641238
1893,52.0106636,4.3651953
1894,52.0123775,4.3600568
1895,52.0139187,4.3636513
1896,52.0107021,4.3652862
1897,52.0158589,4.3566798
1898,52.0109344,4.3572653
1899,52.0060773,4.3594435
1900,52.0137887,4.3575468
1901,52.0088595,4.3589391
1902,52.0113676,4.3630983
1903,52.0174587,4.3557301
1904,52.0073630,4.3608764
1905,52.0168068,4.3537153
1906,52.0093394,4.3588632
1907,52.0086658,4.3621627
1908,52.0174892,4.3573794
1909,52.0155138,4.3596574
1910,52.0171653,4.3551125
1911,52.0144926,4.3580857
1912,52.0075854,4.3648145
1913,52.0134164,4.3597942
1914,52.0142373,4.3548931
1915,52.0092331,4.3618219
1916,52.0121633,4.3618435
1917,52.0103548,4.3656533
1918,52.0175103,4.3554077
1919,52.0147669,4.3519025
1920,52.0156468,4.3551617
1921,52.0116100,4.3680083
1922,52.0103065,4.3683059
1923,52.0113926,4.3678837
1924,52.0178108,4.3578061
1925,52.0160451,4.3542184
1926,52.0106081,4.3571315
1927,52.0137203,4.3529004
1928,52.0143011,4.3625321
1929,52.0072406,4.3640325
1930,52.0127656,4.3645099
1931,52.0082583,4.3608575
1932,52.0171762,4.3545019
1933,52.0097861,4.3683831
1934,52.0116216,4.3599211
1935,52.0101603,4.3582265
1936,52.0102399,4.3610595
1937,52.0176419,4.3579499
1938,52.0077301,4.3648129
1939,52.0174746,4.3557675
1940,52.0152451,4.3599614
1941,52.0074875,4.3645922
1942,52.0071819,4.3638702
1943,52.0100175,4.3583455
1944,52.0077655,4.3647734
1945,52.0115714,4.3597951
1946,52.0123207,4.3649205
1947,52.0100914,4.3659732
1948,52.0093082,4.3606016
1949,52.0115388,4.3681291
1950,52.0114518,4.3680161
1951,52.0125418,4.3656166
1952,52.0105681,4.3653014
1953,52.0104748,4.3650816
1954,52.0154522,4.3590870
1955,52.0171749,4.3561667
1956,52.0169914,4.3563339
1957,52.0135542,4.3613785
1958,52.0151511,4.3551099
1959,52.0177671,4.3576983
1960,52.0172542,4.3557964
1961,52.0154128,4.3589153
1962,52.0111159,4.3580733
1963,52.0102599,4.3661398
1964,52.0117159,4.3601337
1965,52.0119555,4.3625197
1966,52.0138387,4.3646359
1967,52.0154677,4.3590223
1968,52.0171999,4.3557805
1969,52.0130951,4.3648020
1970,52.0111684,4.3655148
1971,52.0173246,4.3559618
1972,52.0122034,4.3596353
1973,52.0106192,4.3650908
1974,52.0172356,4.3552779
1975,52.0144792,4.3581007
1976,52.0102019,4.3656491
1977,52.0171364,4.3566546
1978,52.0170980,4.3558942
1979,52.0155925,4.3595693
1980,52.0175975,4.3578405
1981,52.0151286,4.3558193
1982,52.0075276,4.3646834
1983,52.0152512,4.3586938
1984,52.0151656,4.3586003
1985,52.0170066,4.3552899
1986,52.0175446,4.3559328
1987,52.0156171,4.3594754
1988,52.0153840,4.3589348
1989,52.0101475,4.3651651
1990,52.0127515,4.3644808
1991,52.0128426,4.3643867
1992,52.0151066,4.3598425
1993,52.0101133,4.3654406
1994,52.0155621,4.3593460
1995,52.0139271,4.3598602
1996,52.0161477,4.3564912
1997,52.0173405,4.3559991
1998,52.0134406,4.3609149
1999,52.0060392,4.3597111
2000,52.0156340,4.3578434
2001,52.0058672,4.3594599
2002,52.0177086,4.3575541
2003,52.0136419,4.3524310
2004,52.0151156,4.3558325
2005,52.0113571,4.3645905
2006,52.0127825,4.3647385
2007,52.0073046,4.3641777
2008,52.0138150,4.3525006
2009,52.0142623,4.3570413
2010,52.0076202,4.3648929
2011,52.0127376,4.3644523
2012,52.0155595,4.3544142
2013,52.0172108,4.3545881
2014,52.0098836,4.3584232
2015,52.0105135,4.3665209
2016,52.0170667,4.3566101
2017,52.0102605,4.3654313
2018,52.0104267,4.3681737
2019,52.0156396,4.3595166
2020,52.0077701,4.3644003
2021,52.0174870,4.3554332
2022,52.0171220,4.3550106
2023,52.0155196,4.3534726
2024,52.0171816,4.3546199
2025,52.0103058,4.3655382
2026,52.0127729,4.3631197
2027,52.0138642,4.3596972
2028,52.0152885,4.3599130
2029,52.0150102,4.3596150
2030,52.0093093,4.3618249
2031,52.0170773,4.3554553
2032,52.0173803,4.3583793
2033,52.0128223,4.3647758
2034,52.0172579,4.3547053
2035,52.0150491,4.3559937
2036,52.0143804,4.3623889
2037,52.0127749,4.3648316
2038,52.0155173,4.3591381
2039,52.0060550,4.3592878
2040,52.0129277,4.3612154
2041,52.0164506,4.3531422
2042,52.0132519,4.3644767
2043,52.0171538,4.3568576
2044,52.0105218,4.3648604
2045,52.0171635,4.3544703
2046,52.0127908,4.3643773
2047,52.0098104,4.3597917
2048,52.0157406,4.3556780
2049,52.0171110,4.3567128
2050,52.0105232,4.3651957
2051,52.0172815,4.3558607
2052,52.0171040,4.3559998
2053,52.0075831,4.3646158
2054,52.0151427,4.3558056
2055,52.0139464,4.3636937
2056,52.0170145,4.3563082
2057,52.0168802,4.3578252
2058,52.0131856,4.3640823
2059,52.0094500,4.3572311
2060,52.0095179,4.3673288
2061,52.0129681,4.3527065
2062,52.0132672,4.3630689
2063,52.0084015,4.3602278
2064,52.0168795,4.3552981
2065,52.0173128,4.3549020
2066,52.0128990,4.3530388
2067,52.0112726,4.3644469
2068,52.0176534,4.3564350
2069,52.0158668,4.3516441
2070,52.0116418,4.3648591
2071,52.0140683,4.3567481
2072,52.0089004,4.3599870
2073,52.0089810,4.3599337
2074,52.0100737,4.3621284
2075,52.0132908,4.3571137
2076,52.0112568,4.3620840
2077,52.0140271,4.3520087
2078,52.0163242,4.3574857
2079,52.0126499,4.3584869
2080,52.0174181,4.3574203
2081,52.0154134,4.3589969
2082,52.0139204,4.3530031
2083,52.0106925,4.3570471
2084,52.0077694,4.3623057
2085,52.0126219,4.3655895
2086,52.0136581,4.3631254
2087,52.0106538,4.3558747
2088,52.0159594,4.3565684
2089,52.0075256,4.3600366
2090,52.0178567,4.3578987
2091,52.0128264,4.3638391
2092,52.0142053,4.3641237
2093,52.0161612,4.3598548
2094,52.0176310,4.3582482
2095,52.0122260,4.3560165
2096,52.0111902,4.3588302
2097,52.0070563,4.3623331
2098,52.0093492,4.3564743
2099,52.0134223,4.3521409
2100,52.0128875,4.3620902
2101,52.0104258,4.3662788
2102,52.0136324,4.3609737
2103,52.0103808,4.3648599
2104,52.0078606,4.3615050
2105,52.0155096,4.3557300
2106,52.0155785,4.3615386
2107,52.0112345,4.3658482
2108,52.0157933,4.3570587
2109,52.0156534,4.3537940
2110,52.0116637,4.3622091
2111,52.0130140,4.3636402
2112,52.0143454,4.3624674
2113,52.0106714,4.3664248
2114,52.0135672,4.3613612
2115,52.0137914,4.3524490
2116,52.0125592,4.3633375
2117,52.0083697,4.3610938
2118,52.0120548,4.3646693
2119,52.0154119,4.3618955
2120,52.0105092,4.3667556
2121,52.0112179,4.3621298
2122,52.0092490,4.3622052
2123,52.0096888,4.3599784
2124,52.0128259,4.3596794
2125,52.0108605,4.3619452
2126,52.0126607,4.3635554
2127,52.0124880,4.3535454
2128,52.0071437,4.3609492
2129,52.0127104,4.3629850
2130,52.0174054,4.3573869
2131,52.0079245,4.3609501
2132,52.0127490,4.3640754
2133,52.0107623,4.3610396
2134,52.0145942,4.3607087
2135,52.0145115,4.3527122
2136,52.0133287,4.3608968
2137,52.0092200,4.3600658
2138,52.0114476,4.3567373
2139,52.0154412,4.3558178
2140,52.0098158,4.3652961
2141,52.0097015,4.3606749
2142,52.0108939,4.3656546
2143,52.0157642,4.3535365
2144,52.0154608,4.3549762
2145,52.0119700,4.3653243
2146,52.0146840,4.3543376
2147,52.0178509,4.3583447
2148,52.0105577,4.3588227
2149,52.0153418,4.3577907
2150,52.0125552,4.3663360
2151,52.0094652,4.3567662
2152,52.0104764,4.3585816
2153,52.0094827,4.3626826
2154,52.0075720,4.3597981
2155,52.0081747,4.3605998
2156,52.0142783,4.3625651
2157,52.0135823,4.3611759
2158,52.0126215,4.3584234
2159,52.0110473,4.3584152
2160,52.0132096,4.3644049
2161,52.0150752,4.3549707
2162,52.0163746,4.3603730
2163,52.0092432,4.3600369
2164,52.0132118,4.3647311
2165,52.0120694,4.3634704
2166,52.0155427,4.3583692
2167,52.0121657,4.3654621
2168,52.0114073,4.3573674
2169,52.0142480,4.3608446
2170,52.0173633,4.3572807
2171,52.0127891,4.3644535
2172,52.0127687,4.3644048
2173,52.0173759,4.3573141
2174,52.0154286,4.3572259
2175,52.0153890,4.3556651
2176,52.0116900,4.3617262
2177,52.0075432,4.3623101
2178,52.0174727,4.3573191
2179,52.0067945,4.3622364
2180,52.0082985,4.3621722
2181,52.0143233,4.3624997
2182,52.0119777,4.3649428
2183,52.0125728,4.3636902
2184,52.0091740,4.3620282
2185,52.0084118,4.3612271
2186,52.0136763,4.3630866
2187,52.0110593,4.3554971
2188,52.0140202,4.3624561
2189,52.0070806,4.3609511
2190,52.0163032,4.3550123
2191,52.0156449,4.3616716
2192,52.0122012,4.3578383
2193,52.0129304,4.3650157
2194,52.0119566,4.3566230
2195,52.0103586,4.3664128
2196,52.0137002,4.3520173
2197,52.0132030,4.3607058
2198,52.0134005,4.3597575
2199,52.0095453,4.3584446
2200,52.0108642,4.3599270
2201,52.0124960,4.3662170
2202,52.0170432,4.3553426
2203,52.0121655,4.3562701
2204,52.0174068,4.3550203
2205,52.0088716,4.3591913
2206,52.0092183,4.3600401
2207,52.0148250,4.3591079
2208,52.0120071,4.3590345
2209,52.0148747,4.3552285
2210,52.0111613,4.3622004
2211,52.0105406,4.3591087
2212,52.0143676,4.3624354
2213,52.0164219,4.3531778
2214,52.0119601,4.3589078
2215,52.0123285,4.3657736
2216,52.0137580,4.3644139
2217,52.0138837,4.3632787
2218,52.0085591,4.3658747
2219,52.0121228,4.3577252
2220,52.0138525,4.3522343
2221,52.0126140,4.3586180
2222,52.0138719,4.3635845
2223,52.0076784,4.3615890
2224,52.0118853,4.3549282
2225,52.0159785,4.3553078
2226,52.0107060,4.3616251
2227,52.0131952,4.3652620
2228,52.0175258,4.3549309
2229,52.0124670,4.3602599
2230,52.0119440,4.3659033
2231,52.0078956,4.3607338
2232,52.0166696,4.3571665
2233,52.0111498,4.3599849
2234,52.0084167,4.3665109
2235,52.0119835,4.3589670
2236,52.0082557,4.3606441
2237,52.0066295,4.3613046
2238,52.0107012,4.3669109
2239,52.0107850,4.3593564
2240,52.0138927,4.3518827
2241,52.0125664,4.3605217
2242,52.0123907,4.3586881
2243,52.0121041,4.3582452
2244,52.0113760,4.3598360
2245,52.0094194,4.3581137
2246,52.0124352,4.3641485
2247,52.0116307,4.3640287
2248,52.0064261,4.3616424
2249,52.0120692,4.3591983
2250,52.0128265,4.3643261
2251,52.0123984,4.3633733
2252,52.0085023,4.3574700
2253,52.0152970,4.3595306
2254,52.0150809,4.3559586
2255,52.0119586,4.3628037
2256,52.0113138,4.3646633
2257,52.0136165,4.3641519
2258,52.0103711,4.3601303
2259,52.0103183,4.3663163
2260,52.0123984,4.3601208
2261,52.0150891,4.3623614
2262,52.0080934,4.3603968
2263,52.0104595,4.3613907
2264,52.0130398,4.3652401
2265,52.0156182,4.3544949
2266,52.0149698,4.3544307
2267,52.0122457,4.3663540
2268,52.0125457,4.3604698
2269,52.0078732,4.3597174
2270,52.0103381,4.3663651
2271,52.0158143,4.3548581
2272,52.0134020,4.3625631
2273,52.0164398,4.3605164
2274,52.0084002,4.3615829
2275,52.0129400,4.3611271
2276,52.0108575,4.3658718
2277,52.0125118,4.3584831
2278,52.0117123,4.3661608
2279,52.0113149,4.3606206
2280,52.0121161,4.3632787
2281,52.0107751,4.3596999
2282,52.0119577,4.3538310
2283,52.0133127,4.3571873
2284,52.0116943,4.3600824
2285,52.0142136,4.3605650
2286,52.0141357,4.3518398
2287,52.0143776,4.3532449
2288,52.0112151,4.3588959
2289,52.0116463,4.3599773
2290,52.0127337,4.3594172
2291,52.0140617,4.3550817
2292,52.0132517,4.3557597
2293,52.0065674,4.3619008
2294,52.0082557,4.3621945
2295,52.0143393,4.3629364
2296,52.0075583,4.3637868
2297,52.0169952,4.3539140
2298,52.0153208,4.3595913
2299,52.0103136,4.3665404
2300,52.0104976,4.3664711
2301,52.0133661,4.3635720
2302,52.0062517,4.3614440
2303,52.0076403,4.3623193
2304,52.0137005,4.3611342
2305,52.0122396,4.3582487
2306,52.0126847,4.3622388
2307,52.0079173,4.3607971
2308,52.0125310,4.3585258
2309,52.0157657,4.3539847
2310,52.0143334,4.3621707
2311,52.0117332,4.3662027
2312,52.0097906,4.3594516
2313,52.0109715,4.3590244
2314,52.0128860,4.3639633
2315,52.0151556,4.3592024
2316,52.0092761,4.3609275
2317,52.0152884,4.3573670
2318,52.0153594,4.3578319
2319,52.0106900,4.3673211
2320,52.0114923,4.3637394
2321,52.0092897,4.3617746
2322,52.0155352,4.3548529
2323,52.0128550,4.3618967
2324,52.0126156,4.3606369
2325,52.0113579,4.3592724
2326,52.0118791,4.3674815
2327,52.0152698,4.3608201
2328,52.0152025,4.3571619
2329,52.0105537,4.3612700
2330,52.0120502,4.3663111
2331,52.0128364,4.3593128
2332,52.0100702,4.3684824
2333,52.0134286,4.3575566
2334,52.0103741,4.3575006
2335,52.0105386,4.3601216
2336,52.0148495,4.3559638
2337,52.0112408,4.3655755
2338,52.0066202,4.3619466
2339,52.0130683,4.3643933
2340,52.0135193,4.3553635
2341,52.0107398,4.3596426
2342,52.0135468,4.3612491
2343,52.0144595,4.3526745
2344,52.0164267,4.3531078
2345,52.0151968,4.3550702
2346,52.0162977,4.3563547
2347,52.0068069,4.3616132
2348,52.0171096,4.3563322
2349,52.0126272,4.3540062
2350,52.0123942,4.3634680
2351,52.0109528,4.3577071
2352,52.0120933,4.3661314
2353,52.0125642,4.3585999
2354,52.0116424,4.3665458
2355,52.0075129,4.3637567
2356,52.0132952,4.3644951
2357,52.0137892,4.3568299
2358,52.0075894,4.3638130
2359,52.0086823,4.3593182
2360,52.0128051,4.3631964
2361,52.0137616,4.3575764
2362,52.0120877,4.3658134
2363,52.0098100,4.3614684
2364,52.0135396,4.3537923
2365,52.0102173,4.3579631
2366,52.0078629,4.3596421
2367,52.0114182,4.3664418
2368,52.0159596,4.3551902
2369,52.0130322,4.3604309
2370,52.0145280,4.3630159
2371,52.0096248,4.3572302
2372,52.0161218,4.3596977
2373,52.0099900,4.3579194
2374,52.0109698,4.3557494
2375,52.0129862,4.3553799
2376,52.0138449,4.3617923
2377,52.0118232,4.3585641
2378,52.0148927,4.3593301
2379,52.0113570,4.3570791
2380,52.0142852,4.3520834
2381,52.0142736,4.3608215
2382,52.0166163,4.3600011
2383,52.0136247,4.3526628
2384,52.0106664,4.3669491
2385,52.0126969,4.3546774
2386,52.0109912,4.3661109
2387,52.0111270,4.3638261
2388,52.0153339,4.3572548
2389,52.0124264,4.3587315
2390,52.0117993,4.3585021
2391,52.0101583,4.3661071
2392,52.0111517,4.3626695
2393,52.0094618,4.3562551
2394,52.0130820,4.3618716
2395,52.0157647,4.3593184
2396,52.0151744,4.3600193
2397,52.0122499,4.3626680
2398,52.0152786,4.3551563
2399,52.0105238,4.3592206
2400,52.0101040,4.3582136
2401,52.0122608,4.3659875
2402,52.0119079,4.3627128
2403,52.0140634,4.3625550
2404,52.0143254,4.3542227
2405,52.0146062,4.3533792
2406,52.0083376,4.3609625
2407,52.0107973,4.3585920
2408,52.0127949,4.3617893
2409,52.0130449,4.3655233
2410,52.0077189,4.3606124
2411,52.0143385,4.3524981
2412,52.0129453,4.3613773
2413,52.0138877,4.3527265
2414,52.0127787,4.3623460
2415,52.0076786,4.3622992
2416,52.0080430,4.3607381
2417,52.0082390,4.3607267
2418,52.0126523,4.3607973
2419,52.0168219,4.3531062
2420,52.0130087,4.3654032
2421,52.0065495,4.3611830
2422,52.0119153,4.3587923
2423,52.0126240,4.3542596
2424,52.0136818,4.3522755
2425,52.0153061,4.3620346
2426,52.0108723,4.3588230
2427,52.0131205,4.3648556
2428,52.0099326,4.3557811
2429,52.0107364,4.3667723
2430,52.0083851,4.3610214
2431,52.0153417,4.3591843
2432,52.0130486,4.3637748
2433,52.0140193,4.3622162
2434,52.0134771,4.3612224
2435,52.0107377,4.3621212
2436,52.0113827,4.3633719
2437,52.0108231,4.3586643
2438,52.0121096,4.3563353
2439,52.0073900,4.3623211
2440,52.0164888,4.3594467
2441,52.0096348,4.3607179
2442,52.0127845,4.3582551
2443,52.0117152,4.3616510
2444,52.0135423,4.3640388
2445,52.0103064,4.3601111
2446,52.0104493,4.3666135
2447,52.0161203,4.3536775
2448,52.0108008,4.3589844
2449,52.0126974,4.3545500
2450,52.0117612,4.3655286
2451,52.0154245,4.3593800
2452,52.0099570,4.3583205
2453,52.0127540,4.3594759
2454,52.0117293,4.3677401
2455,52.0106229,4.3600050
2456,52.0102880,4.3664700
2457,52.0073325,4.3609823
2458,52.0105435,4.3592722
2459,52.0096304,4.3604487
2460,52.0112054,4.3572429
2461,52.0155203,4.3548169
2462,52.0176204,4.3552786
2463,52.0087635,4.3665841
2464,52.0114697,4.3567967
2465,52.0117551,4.3662862
2466,52.0095303,4.3595539
2467,52.0091793,4.3610142
2468,52.0141602,4.3621983
2469,52.0162306,4.3597746
2470,52.0119991,4.3633457
2471,52.0110671,4.3664384
2472,52.0124287,4.3665075
2473,52.0138318,4.3530482
2474,52.0123682,4.3586304
2475,52.0070548,4.3625304
2476,52.0122139,4.3628899
2477,52.0122406,4.3596714
2478,52.0115179,4.3596838
2479,52.0137857,4.3639814
2480,52.0121217,4.3648359
2481,52.0066822,4.3611113
2482,52.0098280,4.3598593
2483,52.0125103,4.3635110
2484,52.0151228,4.3542125
2485,52.0159000,4.3550294
2486,52.0166448,4.3602363
2487,52.0140388,4.3526926
2488,52.0127354,4.3656451
2489,52.0164813,4.3604590
2490,52.0156039,4.3543726
2491,52.0163013,4.3561255
2492,52.0175895,4.3568109
2493,52.0093861,4.3608942
2494,52.0078331,4.3624448
2495,52.0143582,4.3605493
2496,52.0099378,4.3590724
2497,52.0095987,4.3607344
2498,52.0117573,4.3667844
2499,52.0116627,4.3661184
2500,52.0097740,4.3601453
2501,52.0143295,4.3622501
2502,52.0124866,4.3634706
2503,52.0129794,4.3651305
2504,52.0107761,4.3620255
2505,52.0145760,4.3524729
2506,52.0133749,4.3598235
2507,52.0128967,4.3594836
2508,52.0080225,4.3624013
2509,52.0122167,4.3581700
2510,52.0158936,4.3570421
2511,52.0086397,4.3623147
2512,52.0126805,4.3609671
2513,52.0142377,4.3519836
2514,52.0108163,4.3622679
2515,52.0113569,4.3599612
2516,52.0141074,4.3522112
2517,52.0120771,4.3574782
2518,52.0120192,4.3629086
2519,52.0122588,4.3639461
2520,52.0130604,4.3629964
2521,52.0099440,4.3601993
2522,52.0113846,4.3645031
2523,52.0111723,4.3627421
2524,52.0113082,4.3672164
2525,52.0108635,4.3591958
2526,52.0138523,4.3531229
2527,52.0108817,4.3661288
2528,52.0113312,4.3569983
2529,52.0072159,4.3617532
2530,52.0125757,4.3645524
2531,52.0082841,4.3588976
2532,52.0121706,4.3619254
2533,52.0118262,4.3537667
2534,52.0117848,4.3663178
2535,52.0122975,4.3660759
2536,52.0125925,4.3627103
2537,52.0101026,4.3580333
2538,52.0150320,4.3542822
2539,52.0139475,4.3614021
2540,52.0130396,4.3629445
2541,52.0112332,4.3630492
2542,52.0058356,4.3599279
2543,52.0099390,4.3580927
2544,52.0124574,4.3654724
2545,52.0137867,4.3555560
2546,52.0145401,4.3571036
2547,52.0114308,4.3566868
2548,52.0127381,4.3658522
2549,52.0125248,4.3541091
2550,52.0157156,4.3538270
2551,52.0102213,4.3601342
2552,52.0118885,4.3587266
2553,52.0113185,4.3650820
2554,52.0124291,4.3633182
2555,52.0113456,4.3565238
2556,52.0166039,4.3602917
2557,52.0142024,4.3519319
2558,52.0107931,4.3597711
2559,52.0147336,4.3619936
2560,52.0152473,4.3575610
2561,52.0079830,4.3622391
2562,52.0114672,4.3602916
2563,52.0100321,4.3649574
2564,52.0106555,4.3584420
2565,52.0080556,4.3612144
2566,52.0165629,4.3603474
2567,52.0138527,4.3526497
2568,52.0165537,4.3592960
2569,52.0130195,4.3637206
2570,52.0165219,4.3604030
2571,52.0128850,4.3634932
2572,52.0087835,4.3611783
2573,52.0139675,4.3526505
2574,52.0156929,4.3555460
2575,52.0134316,4.3636495
2576,52.0147937,4.3553586
2577,52.0130985,4.3638140
2578,52.0175600,4.3551065
2579,52.0103007,4.3580578
2580,52.0087817,4.3625847
2581,52.0084694,4.3613321
2582,52.0111182,4.3600286
2583,52.0108659,4.3609143
2584,52.0105261,4.3669942
2585,52.0119533,4.3581022
2586,52.0123847,4.3635667
2587,52.0089878,4.3625090
2588,52.0136300,4.3613909
2589,52.0158002,4.3554237
2590,52.0156670,4.3543501
2591,52.0114097,4.3566456
2592,52.0102148,4.3662938
2593,52.0135636,4.3625809
2594,52.0081985,4.3611576
2595,52.0115835,4.3664406
2596,52.0072126,4.3609361
2597,52.0130360,4.3624082
2598,52.0085221,4.3576980
2599,52.0134826,4.3568921
2600,52.0073257,4.3623541
2601,52.0111301,4.3573084
2602,52.0099864,4.3611638
2603,52.0101844,4.3579917
2604,52.0081634,4.3614889
2605,52.0094616,4.3606168
2606,52.0124012,4.3582110
2607,52.0112624,4.3642471
2608,52.0152224,4.3540541
2609,52.0116714,4.3656904
2610,52.0116704,4.3659735
2611,52.0134931,4.3523130
2612,52.0120998,4.3558747
2613,52.0128352,4.3632890
2614,52.0127615,4.3622516
2615,52.0098102,4.3603300
2616,52.0159835,4.3565143
2617,52.0086759,4.3577545
2618,52.0165219,4.3597922
2619,52.0067387,4.3621894
2620,52.0128605,4.3616705
2621,52.0176657,4.3554100
2622,52.0132824,4.3625216
2623,52.0164867,4.3533782
2624,52.0123621,4.3588145
2625,52.0162209,4.3560866
2626,52.0080766,4.3616564
2627,52.0109623,4.3670372
2628,52.0105625,4.3571658
2629,52.0107055,4.3656023
2630,52.0157013,4.3552845
2631,52.0133131,4.3634696
2632,52.0167845,4.3570712
2633,52.0130258,4.3623151
2634,52.0125610,4.3629340
2635,52.0167019,4.3528422
2636,52.0108590,4.3595046
2637,52.0120768,4.3655848
2638,52.0136186,4.3605966
2639,52.0115041,4.3564520
2640,52.0103255,4.3624119
2641,52.0144884,4.3661744
2642,52.0102962,4.3557818
2643,52.0124091,4.3543418
2644,52.0053775,4.3538275
2645,52.0087277,4.3518254
2646,52.0172118,4.3675537
2647,52.0083632,4.3621469
2648,52.0083337,4.3621574
2649,52.0131438,4.3519823
2650,52.0076838,4.3611025
2651,52.0172547,4.3657888
2652,52.0089779,4.3540466
2653,52.0103678,4.3660523
2654,52.0176187,4.3555073
2655,52.0155910,4.3593108
2656,52.0090721,4.3532492
2657,52.0181852,4.3640674
2658,52.0106144,4.3666746
2659,52.0181612,4.3640944
2660,52.0182719,4.3639696
2661,52.0172948,4.3571119
2662,52.0182958,4.3639427
2663,52.0135930,4.3638498
2664,52.0079856,4.3547982
2665,52.0148995,4.3521477
2666,52.0080840,4.3544187
2667,52.0140533,4.3669690
2668,52.0092968,4.3585547
2669,52.0090737,4.3537644
2670,52.0172204,4.3571641
2671,52.0138190,4.3521607
2672,52.0095209,4.3618051
2673,52.0096724,4.3666364
2674,52.0100570,4.3675730
2675,52.0062241,4.3563447
2676,52.0138544,4.3507828
2677,52.0133218,4.3513203
2678,52.0122591,4.3524194
2679,52.0127910,4.3518698
2680,52.0106957,4.3540225
2681,52.0112342,4.3534802
2682,52.0117291,4.3529724
2683,52.0122274,4.3551250
2684,52.0052779,4.3648423
2685,52.0052269,4.3648723
2686,52.0143938,4.3629632
2687,52.0078895,4.3517064
2688,52.0110415,4.3509716
2689,52.0063186,4.3598738
2690,52.0082833,4.3582726
2691,52.0109423,4.3581983
2692,52.0109683,4.3551410
2693,52.0106066,4.3555659
2694,52.0146700,4.3544610
2695,52.0133924,4.3602053
2696,52.0072602,4.3516978
2697,52.0067368,4.3561395
2698,52.0065795,4.3560495
2699,52.0066722,4.3560047
2700,52.0064727,4.3561877
2701,52.0061749,4.3561629
2702,52.0062870,4.3562749
2703,52.0063018,4.3561825
2704,52.0063601,4.3560665
2705,52.0064097,4.3563026
2706,52.0123806,4.3592796
2707,52.0085699,4.3644271
2708,52.0166620,4.3653238
2709,52.0088567,4.3637179
2710,52.0091884,4.3633909
2711,52.0117852,4.3576337
2712,52.0084605,4.3656216
2713,52.0067953,4.3636199
