,latitude,longitude,addr,amenity
0,52.0091276,4.3640613,31,['cafe']
1,52.0055958,4.3537911,1,['kindergarten']
2,52.008718,4.357106,21,"['pub', 'university', 'fast_food']"
3,52.0075076,4.3580428,119,['restaurant']
4,52.0168063,4.3511266,6,['events_venue']
5,52.00832,4.3627359,4,['parking_entrance']
6,52.0108603,4.3685076,4,[]
7,52.0089794,4.3678927,92,['cafe']
8,52.0139023,4.3512893,13,[]
9,52.0058389,4.3530381,1,[]
10,52.0114492,4.3584341,2,[]
11,52.0066181,4.3591398,87,[]
12,52.0149237,4.3672092,2,['restaurant']
13,52.0119836,4.360979,7,[]
14,52.0173805,4.3645176,36,[]
15,52.0058278,4.3595994,1,[]
16,52.0054443,4.3630699,12,[]
17,52.0058654,4.3667759,2,[]
18,52.0057764,4.3677,2,[]
19,52.0056755,4.3666113,2,[]
20,52.0056287,4.3665697,2,[]
21,52.0055342,4.3664882,2,[]
22,52.0055816,4.3665294,2,[]
23,52.005818,4.3667346,3,[]
24,52.0053448,4.3663232,2,[]
25,52.0058272,4.3676112,5,[]
26,52.0053921,4.3663646,2,[]
27,52.0054396,4.3664058,2,[]
28,52.0059667,4.3669217,7,[]
29,52.0054868,4.3664469,2,[]
30,52.0057231,4.3666523,2,[]
31,52.0052975,4.366282,3,[]
32,52.0057704,4.3666935,2,[]
33,52.0056342,4.3670438,2,[]
34,52.0054445,4.3668794,2,[]
35,52.0053496,4.3667971,2,[]
36,52.0055014,4.3681937,56,[]
37,52.0051963,4.3666638,2,[]
38,52.0054807,4.3669113,2,[]
39,52.0054462,4.3682575,2,[]
40,52.0059012,4.3668111,10,[]
41,52.0053859,4.3668283,2,[]
42,52.0062904,4.3636058,10,[]
43,52.0052911,4.3667463,2,[]
44,52.0052544,4.3667145,2,[]
45,52.0055393,4.3669617,2,[]
46,52.0056698,4.3670759,3,[]
47,52.0055755,4.3669937,2,[]
48,52.0055048,4.3619898,4,[]
49,52.0054089,4.3683546,181,[]
50,52.005273,4.3638459,12,[]
51,52.0057135,4.3657463,42,[]
52,52.0055942,4.3629688,3,[]
53,52.0059311,4.3631449,8,[]
54,52.0056448,4.3629184,3,[]
55,52.005384,4.3618099,5,[]
56,52.006184,4.3641817,14,[]
57,52.0062665,4.3645519,27,[]
58,52.0059759,4.3638847,1,[]
59,52.006162,4.3636942,1,[]
60,52.0056542,4.36267,3,[]
61,52.0059295,4.3637664,1,[]
62,52.0056222,4.3662575,1,[]
63,52.0058691,4.3643799,2,[]
64,52.0062099,4.363811,2,[]
65,52.0058424,4.3631363,9,[]
66,52.0061382,4.363636,1,[]
67,52.0060223,4.3640031,2,[]
68,52.0059527,4.3638257,1,[]
69,52.0055103,4.3625196,2,[]
70,52.0054578,4.3647576,6,[]
71,52.0061142,4.3635775,1,[]
72,52.0052515,4.366008,3,[]
73,52.0058252,4.3671222,3,[]
74,52.0056148,4.3678035,3,[]
75,52.0058822,4.3675807,103,[]
76,52.0057938,4.3631912,12,[]
77,52.0053646,4.3684249,12,[]
78,52.00547,4.3628305,3,[]
79,52.00574,4.3639921,3,[]
80,52.0054375,4.3675862,3,[]
81,52.0057085,4.3638946,1,[]
82,52.0058427,4.3642938,4,[]
83,52.0052202,4.3677737,2,[]
84,52.0052471,4.367356,3,[]
85,52.0055265,4.3629875,1,[]
86,52.0053485,4.3678679,2,[]
87,52.0053177,4.3674247,3,[]
88,52.0054988,4.3676463,3,[]
89,52.0055683,4.3677217,2,[]
90,52.0052879,4.3678161,2,[]
91,52.0055865,4.3620902,5,[]
92,52.0053968,4.3679325,2,[]
93,52.0057137,4.3639117,1,[]
94,52.0053807,4.3674824,3,[]
95,52.0052826,4.3617958,3,[]
96,52.0165157,4.361998,3,[]
97,52.0165956,4.3642052,3,[]
98,52.0181965,4.3613183,1,[]
99,52.0148277,4.364268,6,[]
100,52.0176407,4.3613944,8,[]
101,52.0165575,4.3642171,5,[]
102,52.0175765,4.3691332,2,[]
103,52.0171746,4.3611049,14,[]
104,52.0175816,4.3610464,2,[]
105,52.0179378,4.3601016,3,[]
106,52.017313,4.361557,5,[]
107,52.0136464,4.3660001,3,[]
108,52.0177664,4.3667375,1,[]
109,52.016198,4.3638489,24,[]
110,52.0136862,4.3659408,4,[]
111,52.0177836,4.3667774,2,[]
112,52.0174821,4.3660732,1,[]
113,52.0174652,4.3660334,1,[]
114,52.0137263,4.3659014,2,[]
115,52.0164563,4.3621224,2,[]
116,52.0125953,4.3681079,1,[]
117,52.0138894,4.3677965,3,[]
118,52.0171755,4.3653556,1,[]
119,52.0139796,4.3676933,3,[]
120,52.0180682,4.3674439,1,[]
121,52.0171584,4.3653156,3,[]
122,52.0180855,4.3674837,2,[]
123,52.0176566,4.3678243,13,[]
124,52.0140091,4.3670775,4,['fast_food']
125,52.0169333,4.3614696,18,[]
126,52.0162993,4.3647235,10,[]
127,52.0167313,4.3688692,7,[]
128,52.0161515,4.362654,25,[]
129,52.0178776,4.360285,2,[]
130,52.0142813,4.3677177,1,['childcare']
131,52.0177631,4.3670391,1,[]
132,52.0174566,4.3608863,2,[]
133,52.0182764,4.3661622,1,[]
134,52.0151925,4.3641857,1,[]
135,52.0139076,4.3679783,1,[]
136,52.0155704,4.3639395,1,[]
137,52.0159037,4.3646446,2,[]
138,52.0129396,4.3679023,3,[]
139,52.0177356,4.3658119,3,[]
140,52.0175688,4.3657178,2,[]
141,52.0138671,4.3666458,2,[]
142,52.0174028,4.3609548,2,[]
143,52.0179942,4.3604581,2,[]
144,52.0183576,4.3650118,2,[]
145,52.0144884,4.3677454,1,[]
146,52.0176955,4.3686395,1,[]
147,52.0148431,4.3684813,8,[]
148,52.0168579,4.3632865,1,[]
149,52.0158636,4.3649955,2,[]
150,52.0162399,4.3630137,2,[]
151,52.0162995,4.3631561,1,[]
152,52.0123244,4.3691004,1,[]
153,52.0127278,4.3680642,3,[]
154,52.0164937,4.3636235,1,[]
155,52.0145565,4.3684737,2,[]
156,52.0120972,4.3690035,3,[]
157,52.0139945,4.3669277,1,[]
158,52.017761,4.3669955,1,[]
159,52.0175927,4.3655101,2,[]
160,52.0178383,4.3685442,1,[]
161,52.0173706,4.363324,1,[]
162,52.0181212,4.3654556,1,[]
163,52.0146055,4.3647817,9,[]
164,52.0153055,4.3640374,1,[]
165,52.0152302,4.3641363,1,[]
166,52.0163686,4.3633217,1,[]
167,52.0151052,4.3651529,3,[]
168,52.0182478,4.3681297,2,[]
169,52.0183383,4.3672245,1,[]
170,52.0181257,4.3663315,2,[]
171,52.0152309,4.3640661,4,[]
172,52.0126109,4.3686348,2,[]
173,52.0173886,4.3633035,1,[]
174,52.017671,4.3667144,1,[]
175,52.0166323,4.3687349,3,"['pharmacy', 'dentist']"
176,52.0181182,4.3624621,1,[]
177,52.0165433,4.3637407,1,[]
178,52.0180374,4.3665188,5,[]
179,52.0124085,4.3687799,4,[]
180,52.0182086,4.362379,1,[]
181,52.0179165,4.3656084,2,[]
182,52.0139797,4.366895,2,[]
183,52.0174616,4.3663337,1,[]
184,52.018128,4.3664171,2,[]
185,52.015732,4.3650776,1,[]
186,52.017645,4.3659138,2,[]
187,52.0126571,4.3681152,3,[]
188,52.0148895,4.3658026,5,[]
189,52.0176379,4.3629846,3,[]
190,52.015242,4.365478,1,[]
191,52.0136768,4.367363,1,[]
192,52.0180654,4.3601895,1,[]
193,52.0176242,4.3687181,1,[]
194,52.0168288,4.3630357,2,[]
195,52.0174595,4.36629,1,[]
196,52.0173018,4.3633935,3,[]
197,52.0125498,4.3678269,4,[]
198,52.0151254,4.3642006,1,[]
199,52.0178205,4.3685017,1,[]
200,52.0177257,4.3628859,2,[]
201,52.0158404,4.363179,2,[]
202,52.0176571,4.3622691,3,[]
203,52.0138034,4.3665057,3,[]
204,52.01556,4.3653316,2,[]
205,52.0177857,4.3686022,1,[]
206,52.0155025,4.3645781,2,[]
207,52.0174738,4.3632066,1,[]
208,52.0167074,4.3627556,2,[]
209,52.0175052,4.365569,4,[]
210,52.0181327,4.3654827,3,[]
211,52.017906,4.3665571,4,[]
212,52.0153517,4.3655618,2,[]
213,52.0150505,4.3650228,1,[]
214,52.0178392,4.3684811,1,[]
215,52.0125936,4.3690861,1,[]
216,52.0166931,4.3630366,1,[]
217,52.0168285,4.3633626,1,[]
218,52.0176235,4.368781,1,[]
219,52.0171604,4.3681866,4,[]
220,52.012551,4.3686775,3,[]
221,52.0179234,4.3626644,1,[]
222,52.0131871,4.3684571,1,[]
223,52.0152147,4.3654131,2,[]
224,52.0172092,4.362893,1,[]
225,52.017933,4.3619764,3,[]
226,52.0137152,4.3663125,3,[]
227,52.0164838,4.3635994,1,[]
228,52.0131851,4.3690432,1,[]
229,52.0153066,4.365817,5,[]
230,52.01527,4.3655444,2,[]
231,52.0176005,4.3657922,2,[]
232,52.016796,4.3618314,3,[]
233,52.0164266,4.3634624,1,[]
234,52.0174897,4.3619826,10,[]
235,52.0178571,4.3685237,1,[]
236,52.0180541,4.3665,2,[]
237,52.0151326,4.365218,2,[]
238,52.0182256,4.3642027,2,[]
239,52.0170963,4.3635521,1,[]
240,52.0150058,4.3690477,8,[]
241,52.013916,4.3667542,3,[]
242,52.0181937,4.3608252,3,[]
243,52.0167748,4.3639817,1,[]
244,52.0149956,4.364986,1,[]
245,52.0163094,4.36318,1,[]
246,52.0151538,4.3642362,2,[]
247,52.0166983,4.3640657,2,[]
248,52.0177166,4.3624144,2,[]
249,52.0180073,4.3651885,2,[]
250,52.0178051,4.3609368,5,[]
251,52.015736,4.3642966,1,[]
252,52.0150161,4.3650349,3,[]
253,52.0157879,4.3650792,2,[]
254,52.0163587,4.3632973,1,[]
255,52.0138523,4.3666135,4,[]
256,52.012681,4.3675982,6,[]
257,52.0180701,4.3653357,2,[]
258,52.0170337,4.3634457,2,[]
259,52.0131034,4.3688519,1,[]
260,52.0147081,4.3653585,3,[]
261,52.0134306,4.3690608,4,[]
262,52.0152306,4.3681218,2,[]
263,52.0163723,4.3625742,1,[]
264,52.0164167,4.3634381,1,[]
265,52.0181381,4.3624409,1,[]
266,52.0128981,4.367728,1,[]
267,52.0135564,4.3662142,4,[]
268,52.0182107,4.3672623,1,[]
269,52.0170463,4.3652915,1,[]
270,52.0177984,4.3628058,1,[]
271,52.0179919,4.3621215,2,[]
272,52.0154148,4.3680917,7,[]
273,52.0137408,4.3663685,3,[]
274,52.0150232,4.3649579,1,[]
275,52.0148972,4.3686701,8,[]
276,52.0183387,4.3660211,10,[]
277,52.0161293,4.3647015,2,[]
278,52.0181856,4.3662643,1,[]
279,52.0123372,4.3688311,3,[]
280,52.0178919,4.3684229,1,[]
281,52.0176947,4.3687026,1,[]
282,52.0183364,4.3671374,3,[]
283,52.0176439,4.3667181,1,[]
284,52.0166831,4.3630122,1,[]
285,52.0132172,4.3685368,2,[]
286,52.0166566,4.3626078,2,[]
287,52.0177927,4.3656575,1,[]
288,52.0166025,4.3638825,1,[]
289,52.0179105,4.3684024,1,[]
290,52.016877,4.3634789,1,[]
291,52.017973,4.3674196,1,[]
292,52.0131521,4.3689658,1,[]
293,52.0147537,4.3654641,10,[]
294,52.0177077,4.3629062,1,[]
295,52.0166235,4.3628709,1,[]
296,52.01625,4.3630376,1,[]
297,52.0126153,4.3677124,4,[]
298,52.0177492,4.3685803,1,[]
299,52.0166968,4.362731,1,[]
300,52.0150778,4.3650879,1,[]
301,52.0171581,4.3655859,1,[]
302,52.0182411,4.3672283,3,[]
303,52.0156365,4.3652469,2,[]
304,52.0168183,4.3630115,2,[]
305,52.012266,4.3688822,3,[]
306,52.0165749,4.3627548,1,[]
307,52.0128159,4.3684873,3,[]
308,52.0149756,4.3649383,2,[]
309,52.0131367,4.3689296,1,[]
310,52.0159747,4.3634572,8,[]
311,52.0165615,4.3622568,3,[]
312,52.0178844,4.3627148,1,[]
313,52.0157722,4.3650332,1,[]
314,52.0180512,4.3622667,3,[]
315,52.0169372,4.3636232,2,[]
316,52.0135413,4.366181,2,[]
317,52.0128316,4.3687528,2,[]
318,52.0151874,4.365348,2,[]
319,52.0127559,4.36853,2,[]
320,52.0176958,4.362437,1,[]
321,52.0180628,4.3677006,1,[]
322,52.0171936,4.3626331,1,[]
323,52.0165531,4.3637652,1,[]
324,52.0167318,4.363126,3,[]
325,52.0179332,4.3655895,1,[]
326,52.0176363,4.3622915,2,[]
327,52.0151599,4.365283,2,[]
328,52.015381,4.3639387,2,[]
329,52.0136179,4.3672957,1,[]
330,52.0168185,4.3633383,1,[]
331,52.0178168,4.3627864,2,[]
332,52.015931,4.3647095,1,[]
333,52.017776,4.3625599,1,[]
334,52.015619,4.3644376,1,[]
335,52.0179659,4.3683465,3,[]
336,52.0139308,4.3667871,2,[]
337,52.0133431,4.3688565,4,[]
338,52.0169109,4.3622163,3,[]
339,52.0174559,4.3632268,1,[]
340,52.0149958,4.3648928,1,[]
341,52.015692,4.365122,1,[]
342,52.0170068,4.3636432,2,[]
343,52.0182171,4.360791,1,[]
344,52.0177678,4.3685596,1,[]
345,52.0137885,4.366473,3,[]
346,52.0140105,4.3659419,6,['parking_entrance']
347,52.0157122,4.365163,2,[]
348,52.0167863,4.3620068,1,[]
349,52.0177669,4.3686227,1,[]
350,52.014635,4.3651807,5,[]
351,52.0174306,4.368878,1,[]
352,52.018048,4.3625292,3,[]
353,52.017946,4.3674232,1,[]
354,52.0171588,4.3634883,1,[]
355,52.012805,4.3676208,1,[]
356,52.0179099,4.3684656,1,[]
357,52.0177134,4.3686821,1,[]
358,52.0156518,4.3651663,1,[]
359,52.0154663,4.3654353,3,[]
360,52.0153857,4.3647193,1,[]
361,52.017537,4.3656434,2,[]
362,52.0172659,4.3630248,1,[]
363,52.0171762,4.3625925,2,[]
364,52.0134168,4.3664839,1,[]
365,52.017642,4.3687606,1,[]
366,52.0158925,4.3649002,1,[]
367,52.0179957,4.3651614,3,[]
368,52.0155225,4.3683996,6,[]
369,52.0171986,4.3628685,2,[]
370,52.0158524,4.3649446,1,[]
371,52.0170727,4.362554,3,[]
372,52.0183273,4.3646497,1,['restaurant']
373,52.0130879,4.3688157,1,[]
374,52.0173225,4.3631559,1,[]
375,52.0168871,4.3635035,1,[]
376,52.0170112,4.3624109,1,[]
377,52.0170193,4.3652951,1,[]
378,52.0170624,4.3625298,1,[]
379,52.0182183,4.3663155,2,[]
380,52.0134401,4.366537,4,[]
381,52.0155398,4.3638784,1,[]
382,52.0176056,4.3687385,1,[]
383,52.0126963,4.3687904,3,[]
384,52.0128871,4.3684363,3,[]
385,52.0165648,4.3627302,1,[]
386,52.0154275,4.3654781,1,[]
387,52.0133869,4.3689586,3,[]
388,52.018344,4.3646889,2,[]
389,52.0177553,4.3625823,2,[]
390,52.0171603,4.3656296,1,[]
391,52.0180649,4.3677444,1,[]
392,52.0176769,4.36866,1,[]
393,52.0152679,4.3640869,1,[]
394,52.0126091,4.3691223,2,[]
395,52.0158123,4.3649888,1,[]
396,52.0131029,4.3682914,3,[]
397,52.0149684,4.3648277,3,[]
398,52.0173119,4.3631312,1,[]
399,52.0166335,4.3628953,1,[]
400,52.0146931,4.3653243,2,[]
401,52.0172553,4.363,1,[]
402,52.0177556,4.3604535,2,[]
403,52.0149516,4.3688589,8,[]
404,52.0154188,4.3638892,1,[]
405,52.018216,4.3662301,2,[]
406,52.0180367,4.3642822,5,[]
407,52.0136591,4.36738,4,[]
408,52.0134373,4.3668541,2,[]
409,52.0144165,4.3667131,8,[]
410,52.0120247,4.3690556,8,[]
411,52.0135693,4.3671362,2,[]
412,52.0130319,4.3683425,3,[]
413,52.0169078,4.3638367,5,[]
414,52.0128681,4.3679533,2,[]
415,52.0158796,4.3631112,2,[]
416,52.0157658,4.3643599,1,[]
417,52.013521,4.3670306,1,[]
418,52.0132032,4.3684258,1,[]
419,52.0166753,4.3619432,2,[]
420,52.013505,4.3669941,2,[]
421,52.0135981,4.3672529,1,[]
422,52.0148505,4.3657041,2,[]
423,52.0166179,4.3640298,1,[]
424,52.0136157,4.3672255,1,[]
425,52.0152517,4.3659609,4,[]
426,52.0157854,4.3633981,3,[]
427,52.0176649,4.3612338,5,[]
428,52.0175436,4.3631274,3,[]
429,52.0174813,4.3688228,3,[]
430,52.0155139,4.3636609,8,[]
431,52.0125348,4.3681606,3,[]
432,52.0134744,4.3691616,13,[]
433,52.0132991,4.3687549,3,[]
434,52.0156822,4.3641753,1,[]
435,52.0178412,4.3608872,3,[]
436,52.0136374,4.3672714,2,[]
437,52.014442,4.3648282,4,[]
438,52.0156035,4.3640063,4,[]
439,52.0144061,4.3648688,3,[]
440,52.0133737,4.3663488,3,[]
441,52.0146737,4.3652756,2,[]
442,52.0158741,4.3645753,2,[]
443,52.0135571,4.3671738,2,[]
444,52.0166068,4.3652935,3,[]
445,52.0178683,4.3601317,6,[]
446,52.0136359,4.3673416,3,[]
447,52.0175413,4.3605186,7,[]
448,52.015792,4.3644141,1,[]
449,52.0157069,4.3642323,2,[]
450,52.0161593,4.3649119,6,[]
451,52.0178995,4.3613668,4,[]
452,52.0148696,4.3657526,2,[]
453,52.0169785,4.3663777,1,[]
454,52.0130894,4.3672329,8,[]
455,52.0135154,4.3661205,1,[]
456,52.0148313,4.3656569,6,[]
457,52.014815,4.3645953,3,[]
458,52.0166048,4.3640797,1,[]
459,52.0179322,4.3616953,4,[]
460,52.0181274,4.3606478,4,[]
461,52.0127994,4.368013,4,[]
462,52.01713,4.3621691,5,[]
463,52.0180875,4.361165,4,[]
464,52.0167555,4.361626,6,[]
465,52.0179162,4.3607746,3,[]
466,52.0165841,4.3641366,5,[]
467,52.0156399,4.368711,6,[]
468,52.0149687,4.3659948,7,[]
469,52.0132509,4.3670681,6,[]
470,52.0124857,4.368735,2,[]
471,52.0183315,4.3616155,2,[]
472,52.018213,4.3619414,2,[]
473,52.0182205,4.3613815,3,[]
474,52.0181723,4.3618523,2,[]
475,52.0132623,4.3686417,3,[]
476,52.0182764,4.3620814,2,[]
477,52.0180227,4.3615213,2,[]
478,52.0181493,4.3618016,2,[]
479,52.018264,4.3614686,1,[]
480,52.0180452,4.3615728,2,[]
481,52.0178751,4.3608424,6,[]
482,52.0134608,4.3668987,2,[]
483,52.0181089,4.3617125,2,[]
484,52.0138868,4.3658219,4,[]
485,52.014372,4.3649841,1,[]
486,52.0132896,4.3665,7,['doctors']
487,52.0171455,4.3689279,10,[]
488,52.0180862,4.3616617,2,[]
489,52.0183552,4.3616789,2,[]
490,52.0129584,4.3683853,3,[]
491,52.0182894,4.3615303,2,[]
492,52.0182357,4.3619922,3,[]
493,52.0164082,4.362169,5,[]
494,52.0143362,4.3650124,11,[]
495,52.0180036,4.3523692,16,['cafe']
496,52.0173925,4.3614591,7,[]
497,52.0148096,4.3643199,4,[]
498,52.0076572,4.3515174,3,[]
499,52.0113819,4.3529841,8,[]
500,52.0064157,4.3526886,16,[]
501,52.0052865,4.352235,5,[]
502,52.0052616,4.3527928,4,[]
503,52.0068282,4.3543634,14,[]
504,52.0092214,4.3512234,3,[]
505,52.0086471,4.3533748,5,[]
506,52.0110591,4.3525815,7,[]
507,52.0071013,4.3552843,7,[]
508,52.0112243,4.3512072,26,[]
509,52.0076263,4.3535858,1,[]
510,52.010018,4.3507522,5,[]
511,52.0093295,4.3510929,6,[]
512,52.0065238,4.3513669,11,[]
513,52.0083469,4.3548398,63,[]
514,52.0083772,4.3530673,9,[]
515,52.009077,4.3528672,6,[]
516,52.0099318,4.3537694,10,[]
517,52.0060182,4.3518159,30,[]
518,52.0091963,4.3521958,3,[]
519,52.0097262,4.3539888,3,[]
520,52.007104,4.3545221,3,[]
521,52.0112472,4.3528125,2,[]
522,52.0096476,4.351259,2,[]
523,52.0095924,4.3512408,5,[]
524,52.0064951,4.3518487,21,[]
525,52.0094026,4.353615,2,[]
526,52.0062373,4.3544098,4,[]
527,52.0123983,4.3506133,3,[]
528,52.0123507,4.3505078,1,[]
529,52.0094592,4.3514176,4,[]
530,52.00987,4.3518233,38,[]
531,52.0124936,4.350824,3,[]
532,52.0089743,4.3529669,7,[]
533,52.0092875,4.3516252,4,[]
534,52.0125415,4.3509295,2,[]
535,52.0091009,4.3535459,3,[]
536,52.0096927,4.3539205,4,[]
537,52.0125893,4.3510348,4,[]
538,52.0124461,4.3507188,3,[]
539,52.0093739,4.3515214,4,[]
540,52.008888,4.3523094,2,[]
541,52.0064798,4.3513673,9,[]
542,52.009816,4.3541774,6,[]
543,52.0066624,4.3536613,4,[]
544,52.0082634,4.3539366,6,[]
545,52.0054588,4.3522665,17,[]
546,52.0095169,4.3513584,2,[]
547,52.0076118,4.3523938,2,[]
548,52.0094287,4.352692,2,[]
549,52.0053797,4.3520862,2,[]
550,52.0056628,4.3543812,10,[]
551,52.0076807,4.3527672,3,[]
552,52.0074103,4.3543272,12,[]
553,52.0094659,4.3535962,4,[]
554,52.0072877,4.35064,3,[]
555,52.0089718,4.3525561,2,[]
556,52.0091126,4.35135,5,[]
557,52.0069928,4.3552747,7,[]
558,52.0053104,4.3531803,1,['community_centre']
559,52.0100514,4.3539879,6,[]
560,52.0092962,4.3541467,5,[]
561,52.009395,4.3526195,4,['restaurant']
562,52.0089572,4.3523706,3,[]
563,52.008995,4.3515387,2,[]
564,52.0099676,4.3507802,3,[]
565,52.0058866,4.3536145,17,[]
566,52.0084942,4.3543181,7,[]
567,52.0078508,4.3531211,2,[]
568,52.0115781,4.3526681,2,[]
569,52.0089531,4.3543838,10,[]
570,52.0059655,4.354469,1,[]
571,52.0093773,4.3525049,3,[]
572,52.0094966,4.3528395,4,[]
573,52.0094778,4.3527402,26,[]
574,52.0074335,4.352311,7,[]
575,52.0096056,4.3538054,2,[]
576,52.0093392,4.3536662,3,[]
577,52.0092709,4.35442,8,[]
578,52.0130826,4.3512066,7,[]
579,52.0066731,4.3525259,6,[]
580,52.0092027,4.3527844,7,[]
581,52.0080598,4.3547285,2,[]
582,52.0118899,4.3524698,4,[]
583,52.0087448,4.3534246,3,[]
584,52.01375,4.3505171,3,[]
585,52.0095879,4.3530353,12,[]
586,52.0088463,4.3521927,4,[]
587,52.0111514,4.3531761,7,[]
588,52.0092561,4.3523846,6,[]
589,52.0103641,4.3539321,11,['restaurant']
590,52.0117888,4.3525764,1,[]
591,52.0099002,4.3511157,4,[]
592,52.0091738,4.3509736,1,[]
593,52.0095018,4.3506045,1,[]
594,52.0066568,4.3547027,5,[]
595,52.0083039,4.351323,2,[]
596,52.0067461,4.3507343,1,[]
597,52.0078397,4.3513724,1,[]
598,52.0059977,4.3511842,3,[]
599,52.005229,4.3514544,17,[]
600,52.0101043,4.3539775,4,[]
601,52.0078295,4.3549054,2,[]
602,52.0062666,4.3538509,4,[]
603,52.0097296,4.3542197,3,[]
604,52.0083212,4.3513607,2,[]
605,52.0093844,4.3508135,1,[]
606,52.0096118,4.3542467,4,[]
607,52.0091763,4.3517207,4,[]
608,52.0081007,4.3508803,1,[]
609,52.0094139,4.3507095,1,[]
610,52.0084255,4.3514953,1,[]
611,52.0079544,4.351624,1,[]
612,52.008876,4.3514423,2,[]
613,52.0067864,4.3549011,5,[]
614,52.0061206,4.3547372,4,[]
615,52.0077295,4.3510555,3,[]
616,52.0078231,4.3544632,1,[]
617,52.007814,4.351316,1,[]
618,52.0107084,4.3529878,52,[]
619,52.0079382,4.350635,2,[]
620,52.0083582,4.351441,2,[]
621,52.0090661,4.3511025,1,[]
622,52.0078563,4.3548769,2,[]
623,52.0059249,4.3547579,1,[]
624,52.0063531,4.3540444,1,[]
625,52.0080834,4.350843,2,[]
626,52.0103709,4.3507193,4,[]
627,52.0077155,4.3509027,3,[]
628,52.0123861,4.3517777,8,[]
629,52.0124967,4.3518689,4,[]
630,52.0081366,4.3509583,1,[]
631,52.0065943,4.3547891,1,[]
632,52.0079373,4.3515866,1,[]
633,52.0077599,4.3511976,1,[]
634,52.0107659,4.3531163,7,[]
635,52.0095143,4.3506569,1,[]
636,52.0059673,4.3550107,2,[]
637,52.0059383,4.3548379,2,[]
638,52.0070049,4.3533091,7,[]
639,52.0110805,4.3510612,5,[]
640,52.0073067,4.353882,2,[]
641,52.0054799,4.3520277,20,[]
642,52.0082148,4.3511289,2,[]
643,52.0092462,4.3508878,1,[]
644,52.0093348,4.3507817,2,[]
645,52.0065814,4.3548772,6,[]
646,52.0092816,4.3508462,1,[]
647,52.0068228,4.3548623,3,[]
648,52.008894,4.3504908,4,[]
649,52.0063315,4.353996,1,[]
650,52.008268,4.351245,1,[]
651,52.0070137,4.3540813,5,[]
652,52.0081975,4.3510917,2,[]
653,52.0117737,4.3520072,5,[]
654,52.011264,4.3505895,2,[]
655,52.0091388,4.3510164,1,[]
656,52.0133324,4.3505236,1,[]
657,52.0059596,4.3549643,1,[]
658,52.0079892,4.3517007,1,[]
659,52.0059809,4.3550923,1,[]
660,52.0132655,4.3506661,2,[]
661,52.0059461,4.3548842,1,[]
662,52.0067696,4.3506266,3,[]
663,52.010313,4.3505956,1,[]
664,52.0090848,4.3510804,1,[]
665,52.0059236,4.3512662,2,[]
666,52.0080435,4.3518195,1,[]
667,52.0059697,4.3512172,3,[]
668,52.0096107,4.3505417,1,[]
669,52.0080062,4.351738,1,[]
670,52.0089152,4.3511331,2,[]
671,52.0094669,4.3506472,1,[]
672,52.0081537,4.3509959,1,[]
673,52.0106804,4.3523923,15,[]
674,52.0078503,4.3544322,1,[]
675,52.0065137,4.3521883,1,[]
676,52.0091202,4.3510384,1,[]
677,52.0091923,4.3509517,1,[]
678,52.0051802,4.3525773,1,[]
679,52.007743,4.35116,2,[]
680,52.0060984,4.3551255,11,[]
681,52.008251,4.3512072,2,[]
682,52.0093002,4.350824,1,[]
683,52.0094484,4.3506693,1,[]
684,52.0078046,4.3549315,3,[]
685,52.0070646,4.3533935,14,[]
686,52.0060651,4.3511096,20,[]
687,52.0095892,4.3505676,1,[]
688,52.0128907,4.3505619,1,[]
689,52.0113151,4.352019,3,[]
690,52.0098606,4.3510285,1,[]
691,52.0078835,4.3514684,1,[]
692,52.009845,4.3509939,1,[]
693,52.0124986,4.3515186,9,[]
694,52.0092277,4.35091,1,[]
695,52.0080298,4.3507266,1,[]
696,52.0079006,4.3515059,1,[]
697,52.0062884,4.3538996,1,[]
698,52.0057318,4.3541977,9,[]
699,52.0077971,4.3512785,1,[]
700,52.007403,4.3540914,6,[]
701,52.0106385,4.3535709,7,[]
702,52.0121864,4.3506426,12,[]
703,52.0059009,4.3512917,14,[]
704,52.0086174,4.3528098,3,[]
705,52.0112381,4.3505322,3,[]
706,52.0112902,4.3506472,4,[]
707,52.0079118,4.3517515,2,[]
708,52.0111821,4.3529909,2,[]
709,52.0080471,4.3507638,1,[]
710,52.013167,4.3509723,3,[]
711,52.0062901,4.352621,7,[]
712,52.0076129,4.352914,5,[]
713,52.0070108,4.3522256,11,[]
714,52.0072063,4.3513423,4,[]
715,52.0131105,4.3508315,1,[]
716,52.0078773,4.3544013,3,[]
717,52.0112111,4.3504714,4,[]
718,52.0073186,4.3516028,4,[]
719,52.0067496,4.3509317,8,[]
720,52.0080691,4.3519856,5,[]
721,52.0059727,4.3551885,24,[]
722,52.0103808,4.351259,20,[]
723,52.0081572,4.3548178,4,[]
724,52.0074507,4.3521988,6,[]
725,52.008836,4.3513554,2,[]
726,52.0079964,4.3536075,7,[]
727,52.0060428,4.3511345,3,[]
728,52.0088221,4.3505766,2,[]
729,52.0116707,4.3520265,3,[]
730,52.0098886,4.3504303,2,[]
731,52.0052134,4.3526547,4,[]
732,52.011515,4.3528627,4,[]
733,52.0077829,4.3549509,17,[]
734,52.0101758,4.3508056,5,[]
735,52.0086786,4.3506182,1,[]
736,52.0098751,4.3509205,2,[]
737,52.0074292,4.3531568,10,[]
738,52.0111756,4.3525012,5,[]
739,52.0059605,4.3543936,5,[]
740,52.0081902,4.3521604,3,['kindergarten']
741,52.006292,4.3523699,27,[]
742,52.0089163,4.3515303,3,[]
743,52.0074528,4.3553406,38,"['cafe', 'bureau_de_change']"
744,52.0064915,4.3543275,4,[]
745,52.0087096,4.3506836,1,[]
746,52.0071865,4.3547858,1,[]
747,52.0110413,4.352952,5,[]
748,52.0072814,4.354106,3,[]
749,52.0078207,4.3527759,2,[]
750,52.0118401,4.3523156,1,[]
751,52.0113236,4.3507143,8,[]
752,52.007411,4.3518325,2,[]
753,52.0061412,4.354195,2,[]
754,52.0072675,4.3504584,1,[]
755,52.0052462,4.3527306,5,[]
756,52.0069432,4.3531667,22,[]
757,52.0070855,4.3540737,2,[]
758,52.0065807,4.3535053,3,[]
759,52.0087334,4.3507288,6,[]
760,52.0068526,4.3513207,5,[]
761,52.0110735,4.3530259,2,[]
762,52.0086203,4.3529333,1,[]
763,52.0082179,4.350703,2,[]
764,52.0066981,4.3552701,11,[]
765,52.0073206,4.3507954,6,[]
766,52.0060658,4.354698,2,[]
767,52.0069969,4.3511228,4,[]
768,52.0058399,4.3541253,3,[]
769,52.007928,4.3516884,1,[]
770,52.0077938,4.3527125,4,[]
771,52.0073141,4.3541971,2,[]
772,52.0087988,4.3512669,3,[]
773,52.0097103,4.3514621,7,[]
774,52.0115012,4.3524714,2,[]
775,52.0111912,4.352534,2,[]
776,52.0075206,4.3533266,7,[]
777,52.007886,4.3548552,1,[]
778,52.0090251,4.3524632,3,[]
779,52.0078381,4.3528493,3,[]
780,52.0075216,4.3546218,3,[]
781,52.0082185,4.3542063,2,[]
782,52.0072223,4.3547445,6,[]
783,52.0071482,4.3548111,3,[]
784,52.0071053,4.3548605,2,[]
785,52.0074721,4.3524633,2,[]
786,52.0086481,4.3505535,1,[]
787,52.0068285,4.3551648,5,[]
788,52.0112736,4.3519252,11,[]
789,52.007599,4.3508668,7,[]
790,52.0085847,4.3529748,7,[]
791,52.0079446,4.3543419,7,[]
792,52.0085619,4.3545404,3,['community_centre']
793,52.0080309,4.3520345,7,[]
794,52.0069246,4.3550611,3,[]
795,52.0065036,4.3521583,4,[]
796,52.0065285,4.3521765,8,[]
797,52.0129354,4.3506688,2,[]
798,52.0070032,4.3549832,3,[]
799,52.0108633,4.3521779,9,[]
800,52.0075488,4.3547062,8,[]
801,52.0071503,4.3520759,2,[]
802,52.0060155,4.3545813,4,[]
803,52.0079378,4.3517738,1,[]
804,52.0067546,4.3505771,2,[]
805,52.0126739,4.3506239,3,[]
806,52.0070762,4.3548915,2,[]
807,52.0058449,4.3546159,4,[]
808,52.0076907,4.3515883,3,[]
809,52.0127998,4.3509032,3,[]
810,52.0069199,4.3512709,1,[]
811,52.0127147,4.3507156,3,[]
812,52.0086732,4.3522598,3,[]
813,52.0075219,4.3512536,9,[]
814,52.0080845,4.3524909,6,[]
815,52.0090477,4.3519369,3,[]
816,52.0072112,4.3539732,3,[]
817,52.0058215,4.3540816,1,[]
818,52.0083007,4.3526902,4,[]
819,52.0086283,4.3524378,7,[]
820,52.0127591,4.3508117,3,[]
821,52.006656,4.3504873,5,[]
822,52.0061758,4.3542497,2,[]
823,52.0070454,4.3553293,18,[]
824,52.0067575,4.3552417,2,[]
825,52.0096663,4.350477,1,[]
826,52.0095745,4.3536221,7,[]
827,52.0051996,4.3520809,6,[]
828,52.0073127,4.3549516,5,[]
829,52.0073713,4.3517307,3,[]
830,52.008854,4.3538761,8,[]
831,52.0075327,4.3521102,5,[]
832,52.008243,4.3507654,5,[]
833,52.0104669,4.3509507,2,[]
834,52.0066377,4.3553418,3,[]
835,52.009196,4.3529795,7,[]
836,52.0086541,4.3524954,5,[]
837,52.0086604,4.3529092,4,[]
838,52.007445,4.3519982,2,[]
839,52.0064948,4.3535842,6,[]
840,52.0108014,4.3519119,24,[]
841,52.0056413,4.3529285,9,[]
842,52.0068067,4.3508293,1,[]
843,52.0066316,4.3539161,7,[]
844,52.0082783,4.3537506,8,[]
845,52.0079418,4.3547939,3,[]
846,52.0081701,4.3525681,4,[]
847,52.0068444,4.3525634,20,[]
848,52.0091582,4.3531791,6,[]
849,52.0079194,4.3548263,2,[]
850,52.0064759,4.3535249,18,[]
851,52.007156,4.3512344,4,[]
852,52.0066845,4.3505584,2,[]
853,52.0091434,4.3520025,2,[]
854,52.0071446,4.3543165,2,[]
855,52.006123,4.3548074,4,[]
856,52.0080701,4.3533951,6,[]
857,52.0090613,4.3541522,5,[]
858,52.0104971,4.3508937,8,[]
859,52.0078714,4.3529349,4,[]
860,52.0083947,4.354118,4,[]
861,52.0075736,4.352303,3,[]
862,52.0123925,4.3508409,2,[]
863,52.0069505,4.3512283,3,[]
864,52.0077118,4.3516288,4,[]
865,52.0067162,4.3506379,1,[]
866,52.0091693,4.3520466,2,[]
867,52.010976,4.3534099,7,[]
868,52.0094625,4.3507344,3,[]
869,52.0082205,4.352341,5,[]
870,52.0128434,4.3509999,3,[]
871,52.0060668,4.3540721,5,[]
872,52.0104333,4.3509868,1,[]
873,52.0126294,4.3505259,3,[]
874,52.0070036,4.3546698,8,[]
875,52.0088108,4.352714,9,[]
876,52.0075032,4.3545806,6,[]
877,52.0087971,4.3532078,11,[]
878,52.0070831,4.3541758,4,[]
879,52.0081857,4.3506152,2,[]
880,52.0126372,4.3511397,6,[]
881,52.0084715,4.3515321,4,[]
882,52.0059907,4.3538913,6,[]
883,52.0057956,4.354017,3,[]
884,52.010402,4.3506783,8,[]
885,52.0072158,4.3543958,3,[]
886,52.006615,4.353861,4,[]
887,52.0110327,4.3524632,6,[]
888,52.0074362,4.3525482,9,[]
889,52.0085275,4.3543719,4,[]
890,52.0114562,4.3518316,23,[]
891,52.0110513,4.3533319,5,[]
892,52.0064642,4.3512373,4,[]
893,52.0069536,4.3509325,6,[]
894,52.0066742,4.3540199,7,[]
895,52.0108472,4.3525503,7,[]
896,52.0081972,4.3544539,12,[]
897,52.0093421,4.3524567,2,[]
898,52.0091551,4.3536796,6,[]
899,52.0118218,4.3577519,2,"['pub', 'restaurant']"
900,52.0124292,4.3593986,2,['cafe']
901,52.0106615,4.3590034,8,[]
902,52.0119421,4.3582047,6,['cafe']
903,52.0158352,4.3554476,4,[]
904,52.0167747,4.3595108,2,[]
905,52.0117032,4.3615645,1,[]
906,52.0116584,4.3630334,4,[]
907,52.0157992,4.3564947,14,[]
908,52.0092073,4.3582726,2,[]
909,52.0112472,4.3629099,3,[]
910,52.016683,4.3601709,2,[]
911,52.0119805,4.3654291,1,[]
912,52.0113197,4.3642689,15,[]
913,52.0104202,4.3591387,1,[]
914,52.0085117,4.3614899,3,[]
915,52.012039,4.3568144,17,[]
916,52.0133422,4.3635355,3,[]
917,52.0104733,4.3572983,1,[]
918,52.0129409,4.3618221,1,[]
919,52.0112376,4.3673509,3,[]
920,52.0104429,4.3561565,2,[]
921,52.0128794,4.3610146,2,['cafe']
922,52.0139631,4.3528716,3,[]
923,52.0140219,4.3572938,2,[]
924,52.0079159,4.3622917,2,[]
925,52.0149775,4.3565021,13,[]
926,52.0086175,4.3593439,2,[]
927,52.0129158,4.3621528,2,[]
928,52.012898,4.3623017,1,[]
929,52.0105544,4.3578955,17,[]
930,52.0115529,4.3631791,4,[]
931,52.0137227,4.3608427,7,[]
932,52.013823,4.3525855,4,[]
933,52.0079805,4.3610824,15,[]
934,52.0063751,4.3616258,2,[]
935,52.0117154,4.3642983,7,[]
936,52.0114232,4.3552814,1,[]
937,52.0103248,4.3587993,4,[]
938,52.0105533,4.3670775,3,[]
939,52.0133121,4.3602755,5,['restaurant']
940,52.0127742,4.3598097,6,['restaurant']
941,52.0123026,4.3640391,3,[]
942,52.0123306,4.3624984,2,[]
943,52.0135003,4.3633848,6,[]
944,52.012052,4.3629885,5,[]
945,52.0119428,4.3548443,6,[]
946,52.0160053,4.3540816,3,[]
947,52.0082409,4.3616306,5,[]
948,52.0109513,4.3633815,49,['ice_cream']
949,52.0157608,4.3547445,7,[]
950,52.0106509,4.3563636,15,"['cafe', 'restaurant', 'restaurant', 'community_centre']"
951,52.0111974,4.3650848,5,[]
952,52.0166927,4.3598608,1,[]
953,52.0171352,4.3571178,8,[]
954,52.0058904,4.3603185,19,['restaurant']
955,52.0093602,4.3606878,1,['fast_food']
956,52.0114655,4.3662285,3,[]
957,52.016066,4.3554427,3,[]
958,52.0107218,4.3665234,3,[]
959,52.0080851,4.3613981,3,[]
960,52.0119541,4.3638752,7,[]
961,52.0181491,4.3543589,19,[]
962,52.0102621,4.3661983,2,[]
963,52.0166583,4.3555695,8,[]
964,52.0134868,4.3647069,7,[]
965,52.0116065,4.3616211,3,[]
966,52.0114346,4.3601292,3,[]
967,52.0085785,4.3613723,5,[]
968,52.0095787,4.3596466,5,[]
969,52.0111571,4.3595148,13,[]
970,52.0130626,4.3638861,2,[]
971,52.0162641,4.3600194,6,[]
972,52.010713,4.3673697,17,['pub']
973,52.010338,4.3646432,21,[]
974,52.0118155,4.3663819,4,[]
975,52.0113631,4.3654877,5,[]
976,52.0106822,4.3619388,24,[]
977,52.0163327,4.3601974,6,[]
978,52.0146649,4.3532985,5,[]
979,52.0149447,4.356547,26,['pub']
980,52.0123184,4.3590364,4,[]
981,52.0105137,4.3550775,100,[]
982,52.0124524,4.3583191,4,[]
983,52.0128625,4.3620364,4,[]
984,52.0086989,4.3624332,2,[]
985,52.0114958,4.365173,5,[]
986,52.0115518,4.3648099,3,[]
987,52.0078026,4.3617261,12,[]
988,52.0127336,4.3601634,9,[]
989,52.0131772,4.3617882,12,[]
990,52.0135078,4.3608731,3,[]
991,52.0121625,4.3582353,1,[]
992,52.0146838,4.3587795,15,['restaurant']
993,52.0059598,4.3602398,6,"['cafe', 'community_centre']"
994,52.0154143,4.3578616,3,[]
995,52.0064884,4.3611111,3,[]
996,52.0112669,4.3574186,4,[]
997,52.006203,4.3600248,4,[]
998,52.0139761,4.3624111,5,[]
999,52.0109075,4.3672736,6,[]
1000,52.0082063,4.3604128,1,[]
1001,52.0126646,4.3598062,6,['cafe']
1002,52.0106088,4.367233,3,[]
1003,52.0125566,4.3630725,2,[]
1004,52.0097327,4.3600872,2,[]
1005,52.0170169,4.3587679,1,[]
1006,52.0134872,4.3520663,5,[]
1007,52.0110108,4.3602291,5,['fast_food']
1008,52.0105794,4.3617321,3,[]
1009,52.0118666,4.3639315,1,['place_of_worship']
1010,52.0078187,4.3606057,2,[]
1011,52.0120908,4.3560881,4,[]
1012,52.011117,4.3586321,4,[]
1013,52.0089503,4.3624189,2,[]
1014,52.0109572,4.3663076,3,[]
1015,52.01169,4.3677865,3,[]
1016,52.0140537,4.3638752,10,[]
1017,52.0074493,4.3593466,9,[]
1018,52.0112355,4.3579902,9,"['restaurant', 'restaurant', 'restaurant']"
1019,52.013554,4.3609813,3,[]
1020,52.0174162,4.3553179,6,[]
1021,52.0107966,4.3583902,2,[]
1022,52.0081385,4.3616477,2,[]
1023,52.0145634,4.3531379,1,[]
1024,52.010985,4.3663698,2,[]
1025,52.0114784,4.3595747,5,"['atm', 'fast_food']"
1026,52.0141841,4.3598801,18,[]
1027,52.0096923,4.3584844,3,[]
1028,52.0096649,4.360715,2,[]
1029,52.0168141,4.353173,6,[]
1030,52.0059955,4.3600722,1,[]
1031,52.0122242,4.3587939,3,[]
1032,52.0137059,4.3642633,6,[]
1033,52.0126327,4.3607197,3,['restaurant']
1034,52.0101879,4.3609528,8,[]
1035,52.01358,4.3635414,2,[]
1036,52.0168864,4.3563988,4,[]
1037,52.0148017,4.3531406,18,[]
1038,52.0123273,4.3598987,1,['restaurant']
1039,52.0115622,4.3614793,4,['bar']
1040,52.0087463,4.3624938,2,[]
1041,52.0088401,4.3664872,4,['social_facility']
1042,52.0118559,4.3586662,2,[]
1043,52.0070202,4.3623928,2,[]
1044,52.0126351,4.3628419,3,[]
1045,52.0123646,4.3547526,1,[]
1046,52.0128553,4.3625387,14,[]
1047,52.0102105,4.3617681,11,['fast_food']
1048,52.0114449,4.3573213,7,"['cafe', 'cafe']"
1049,52.0107878,4.3592064,1,['cafe']
1050,52.0107032,4.3584165,3,[]
1051,52.0122083,4.3585837,1,[]
1052,52.0095964,4.3614209,2,[]
1053,52.0119849,4.3635787,4,[]
1054,52.0090597,4.3610962,7,[]
1055,52.0094879,4.3586208,2,[]
1056,52.0121488,4.3587128,6,['cafe']
1057,52.0115999,4.3630989,2,['restaurant']
1058,52.0121567,4.3566743,1,[]
1059,52.0176428,4.3553639,2,[]
1060,52.011587,4.3659296,4,[]
1061,52.0130775,4.3620314,7,[]
1062,52.0150855,4.3572046,7,[]
1063,52.0072454,4.3625845,12,[]
1064,52.0146079,4.3522942,7,[]
1065,52.0095348,4.3613799,7,[]
1066,52.0111828,4.355921,10,[]
1067,52.0127803,4.3643478,3,[]
1068,52.0106311,4.3595144,2,[]
1069,52.0108163,4.3667103,5,[]
1070,52.0132213,4.3528183,19,[]
1071,52.0104277,4.3586582,4,[]
1072,52.0112637,4.3657555,2,[]
1073,52.0125286,4.3631316,1,[]
1074,52.0175246,4.3588598,4,[]
1075,52.011571,4.3647102,3,[]
1076,52.0065297,4.3595378,12,[]
1077,52.0133884,4.3626829,3,[]
1078,52.0082929,4.3613845,10,['warehouse']
1079,52.0092535,4.3581932,10,[]
1080,52.0160887,4.3555014,6,[]
1081,52.0150132,4.3576306,16,[]
1082,52.0100935,4.3615556,7,[]
1083,52.012271,4.3597281,3,['cafe']
1084,52.0144164,4.3604347,6,[]
1085,52.0166615,4.3599618,1,[]
1086,52.0115515,4.3663451,4,[]
1087,52.0111823,4.3606563,1,[]
1088,52.0135841,4.3626742,6,[]
1089,52.0090446,4.3587961,3,[]
1090,52.0146929,4.3559496,26,[]
1091,52.0144606,4.3624668,9,[]
1092,52.0085352,4.3620446,5,[]
1093,52.011632,4.3543806,5,[]
1094,52.0110743,4.3594435,3,[]
1095,52.0121736,4.3631205,9,[]
1096,52.0098139,4.3578515,9,[]
1097,52.0080431,4.3612828,2,[]
1098,52.0177806,4.3558072,5,[]
1099,52.011924,4.3636023,2,[]
1100,52.0119242,4.3579959,2,[]
1101,52.0094816,4.3615044,12,[]
1102,52.0109933,4.365699,7,[]
1103,52.0160609,4.3540353,6,[]
1104,52.0140752,4.3535024,28,['restaurant']
1105,52.0127735,4.3590048,5,[]
1106,52.0140417,4.3561859,14,[]
1107,52.0123056,4.3598352,1,[]
1108,52.0111763,4.3660069,1,[]
1109,52.0094055,4.3586816,1,[]
1110,52.0163972,4.3527615,39,['pub']
1111,52.0177235,4.3568229,4,[]
1112,52.0108043,4.3608882,12,[]
1113,52.0072071,4.3623775,4,[]
1114,52.0118299,4.3625575,16,[]
1115,52.0110399,4.357597,1,[]
1116,52.0103718,4.3587299,1,[]
1117,52.0113124,4.3631033,5,[]
1118,52.0107482,4.3562379,4,[]
1119,52.0109102,4.367024,3,[]
1120,52.0143943,4.3632617,27,[]
1121,52.0113051,4.3654792,2,[]
1122,52.0122742,4.3595875,3,['cafe']
1123,52.0114136,4.365334,3,[]
1124,52.0090497,4.3583597,6,[]
1125,52.0133794,4.3578351,51,"['cafe', 'fast_food', 'cafe']"
1126,52.0123557,4.3637191,1,[]
1127,52.0103991,4.3684923,17,[]
1128,52.0070669,4.3591957,8,[]
1129,52.0129699,4.3615559,3,[]
1130,52.0117353,4.362177,3,[]
1131,52.0130843,4.3569328,42,"['ice_cream', 'cafe', 'restaurant', 'cafe']"
1132,52.0132099,4.3651066,5,[]
1133,52.0122432,4.3646305,10,[]
1134,52.0102923,4.3579118,4,"['fast_food', 'pub']"
1135,52.0129746,4.3649248,4,[]
1136,52.0139336,4.3590826,12,['cinema']
1137,52.0130012,4.3556565,13,[]
1138,52.011702,4.3641812,4,[]
1139,52.0105468,4.3609324,18,['fast_food']
1140,52.0158637,4.3549388,3,[]
1141,52.0140787,4.3548708,6,[]
1142,52.00814,4.3583412,14,['community_centre']
1143,52.0075269,4.3607328,7,[]
1144,52.007578,4.3599726,5,[]
1145,52.0130683,4.355395,7,[]
1146,52.0119308,4.3670849,7,[]
1147,52.0085992,4.365496,28,[]
1148,52.0072759,4.3586389,8,['post_office']
1149,52.0079785,4.360506,10,[]
1150,52.0102878,4.356623,7,[]
1151,52.0105525,4.3586325,5,[]
1152,52.0085717,4.3621774,1,['cafe']
1153,52.0165109,4.354305,22,[]
1154,52.015522,4.3552754,3,[]
1155,52.0068616,4.3610825,9,[]
1156,52.0111837,4.3547375,1,['community_centre']
1157,52.0069883,4.3592633,8,[]
1158,52.0136524,4.3555746,5,[]
1159,52.0177411,4.3556024,5,[]
1160,52.0119995,4.3583311,2,['restaurant']
1161,52.0114021,4.3542186,1,['cafe']
1162,52.0062882,4.3615253,2,[]
1163,52.0177602,4.3572798,6,[]
1164,52.0062065,4.3613498,14,[]
1165,52.0104701,4.3577744,2,[]
1166,52.0115202,4.3603797,3,[]
1167,52.0074846,4.3610565,1,[]
1168,52.0110355,4.3664935,6,[]
1169,52.0133833,4.3645189,14,[]
1170,52.0092252,4.3575809,2,[]
1171,52.0106878,4.3655468,2,[]
1172,52.0177579,4.3569141,3,[]
1173,52.011193,4.3574246,1,[]
1174,52.0134027,4.364868,1,[]
1175,52.0069857,4.3615467,4,[]
1176,52.0129589,4.3591461,16,[]
1177,52.0090178,4.3631141,20,"['library', 'community_centre', 'music_school']"
1178,52.0126985,4.3600145,2,[]
1179,52.0166851,4.3569417,5,[]
1180,52.0114713,4.3663412,2,[]
1181,52.0113791,4.3650304,11,[]
1182,52.0113236,4.3555673,4,[]
1183,52.0159503,4.3541497,6,[]
1184,52.0110251,4.3643674,2,['car_rental']
1185,52.0109297,4.3612192,12,[]
1186,52.007732,4.3598737,15,[]
1187,52.0107271,4.3591639,1,[]
1188,52.0167721,4.3605931,1,[]
1189,52.0134022,4.3571142,10,[]
1190,52.0111224,4.3614822,4,['restaurant']
1191,52.0137497,4.3631667,3,[]
1192,52.0110851,4.3605124,6,[]
1193,52.0122116,4.357607,16,[]
1194,52.0121197,4.3567324,7,[]
1195,52.0101077,4.3567294,18,"['restaurant', 'restaurant', 'warehouse']"
1196,52.017314,4.3567219,2,[]
1197,52.0134516,4.3607105,1,['theatre']
1198,52.0127186,4.3600813,2,['restaurant']
1199,52.0084619,4.3580181,15,[]
1200,52.0109247,4.3661915,2,[]
1201,52.0116178,4.3649441,7,[]
1202,52.0128649,4.3554436,6,['restaurant']
1203,52.0178217,4.3581182,6,[]
1204,52.0114988,4.3646224,5,[]
1205,52.0074427,4.3601143,3,['conference_centre']
1206,52.0110676,4.3614472,3,[]
1207,52.0100272,4.3613827,8,[]
1208,52.0139461,4.3612923,7,[]
1209,52.0109813,4.3581695,1,[]
1210,52.0110734,4.3661634,4,[]
1211,52.0100279,4.359631,4,[]
1212,52.0121117,4.3618304,34,[]
1213,52.0112204,4.3607251,6,['pub']
1214,52.0133616,4.3539291,4,[]
1215,52.0099476,4.3610779,4,['ice_cream']
1216,52.0120639,4.3583764,2,['cafe']
1217,52.0113827,4.3654262,1,[]
1218,52.0101091,4.3616308,8,[]
1219,52.0122359,4.3565863,12,['pub']
1220,52.0104417,4.3658808,12,[]
1221,52.0096656,4.3571941,15,"['pub', 'fast_food']"
1222,52.0108063,4.3599472,3,[]
1223,52.0156059,4.3534422,18,[]
1224,52.013118,4.3627381,3,[]
1225,52.0098859,4.3604937,3,['restaurant']
1226,52.0100051,4.3604125,9,[]
1227,52.0111213,4.3660615,1,[]
1228,52.0114952,4.3661804,2,[]
1229,52.0179513,4.3540079,23,[]
1230,52.009162,4.3681258,5,[]
1231,52.0124886,4.3664246,1,[]
1232,52.0142578,4.3561883,14,[]
1233,52.0118766,4.3579695,6,"['ice_cream', 'restaurant', 'restaurant']"
1234,52.0116866,4.355077,3,[]
1235,52.0083123,4.3593635,5,[]
1236,52.0115167,4.3612582,10,[]
1237,52.0123993,4.3541806,1,[]
1238,52.0086565,4.3579646,31,[]
1239,52.0101982,4.360284,13,['pub']
1240,52.0100719,4.3557272,9,[]
1241,52.0103383,4.3573234,7,['restaurant']
1242,52.0144554,4.356828,5,[]
1243,52.0115167,4.3649948,1,[]
1244,52.011444,4.3652626,1,[]
1245,52.014807,4.3556087,2,[]
1246,52.0115194,4.3577366,15,['restaurant']
1247,52.0086907,4.361949,8,[]
1248,52.0167771,4.3547821,13,[]
1249,52.0089211,4.3585754,8,[]
1250,52.0094321,4.3615975,2,[]
1251,52.0102198,4.3566455,6,[]
1252,52.0118181,4.3623039,1,['cafe']
1253,52.0122068,4.362305,49,[]
1254,52.010959,4.3636815,3,[]
1255,52.0126729,4.3544018,3,[]
1256,52.0111403,4.3568497,3,[]
1257,52.0091723,4.3616555,26,[]
1258,52.0170883,4.3566604,1,[]
1259,52.0073998,4.3643934,2,[]
1260,52.0084727,4.3594585,9,[]
1261,52.0177523,4.3576618,2,[]
1262,52.0115735,4.3680686,1,[]
1263,52.0094958,4.3568431,12,[]
1264,52.0077181,4.3622861,3,[]
1265,52.0137174,4.3634829,5,[]
1266,52.0074724,4.3637457,12,[]
1267,52.0122045,4.366656,9,[]
1268,52.0100455,4.3658603,4,[]
1269,52.0147495,4.3614972,15,['school']
1270,52.0099995,4.3657475,2,[]
1271,52.0099133,4.355745,1,[]
1272,52.0119406,4.358857,2,['restaurant']
1273,52.0109862,4.361797,6,[]
1274,52.0102155,4.3653246,2,[]
1275,52.0154676,4.3581701,10,[]
1276,52.0125821,4.3633839,1,[]
1277,52.0171923,4.3551759,1,[]
1278,52.015027,4.3554588,1,[]
1279,52.0176722,4.3580247,2,[]
1280,52.0153309,4.3598655,1,[]
1281,52.0172233,4.3546196,1,[]
1282,52.01202,4.366694,2,[]
1283,52.0109391,4.3588567,6,[]
1284,52.0091285,4.361921,4,[]
1285,52.0172975,4.355898,1,[]
1286,52.012723,4.3644222,5,[]
1287,52.0098552,4.3651199,65,[]
1288,52.0175172,4.3558684,1,[]
1289,52.0125202,4.3581456,37,[]
1290,52.0122068,4.3655571,3,[]
1291,52.0137018,4.3588627,46,"['restaurant', 'restaurant', 'restaurant', 'restaurant', 'restaurant']"
1292,52.0174166,4.3555116,1,[]
1293,52.016872,4.3561905,21,[]
1294,52.0167843,4.3534835,7,[]
1295,52.0125442,4.3661555,3,[]
1296,52.0081403,4.3591995,3,[]
1297,52.0144093,4.3609372,12,[]
1298,52.0138526,4.3596671,1,[]
1299,52.0162626,4.3563409,1,[]
1300,52.0139504,4.36448,3,[]
1301,52.0099536,4.3656347,2,[]
1302,52.0161562,4.3562911,1,[]
1303,52.0176271,4.3579135,1,[]
1304,52.0172082,4.3552133,2,[]
1305,52.0120305,4.365512,1,[]
1306,52.0150167,4.3591762,2,[]
1307,52.0076753,4.3609439,1,[]
1308,52.0154996,4.3590972,2,[]
1309,52.0128145,4.3647026,1,[]
1310,52.0075849,4.3622892,5,[]
1311,52.0176454,4.3556226,2,[]
1312,52.0123933,4.365901,3,[]
1313,52.0130405,4.364688,9,[]
1314,52.005773,4.3595438,62,[]
1315,52.0170451,4.35656,1,[]
1316,52.0128781,4.3643422,2,[]
1317,52.0154846,4.3574224,3,[]
1318,52.0059605,4.3593742,24,[]
1319,52.0175014,4.355831,1,[]
1320,52.0076325,4.3645929,2,[]
1321,52.0128481,4.3642987,2,[]
1322,52.015368,4.358828,2,[]
1323,52.012287,4.3625841,3,[]
1324,52.0176576,4.3583058,5,[]
1325,52.0124391,4.3533346,8,[]
1326,52.0105856,4.3666246,2,[]
1327,52.0092339,4.3601112,1,[]
1328,52.0165753,4.3599089,1,[]
1329,52.0133325,4.3605212,6,[]
1330,52.0147288,4.3618918,6,[]
1331,52.0162481,4.3567826,3,[]
1332,52.0074448,4.3615298,1,[]
1333,52.0077338,4.3644761,3,[]
1334,52.0169634,4.3551884,20,[]
1335,52.0113335,4.3677513,5,[]
1336,52.0139195,4.3596964,3,[]
1337,52.0103611,4.3661413,3,[]
1338,52.0170497,4.3553905,1,[]
1339,52.0079383,4.3608579,5,[]
1340,52.0104262,4.3649669,2,[]
1341,52.0156599,4.3577786,11,[]
1342,52.0072004,4.3639413,2,[]
1343,52.0126475,4.3658893,1,[]
1344,52.0061157,4.3598867,2,[]
1345,52.0123028,4.3637939,3,[]
1346,52.0117682,4.367673,3,[]
1347,52.0111647,4.358764,2,['restaurant']
1348,52.0139973,4.3624574,2,[]
1349,52.0156865,4.3595334,1,[]
1350,52.0175827,4.357804,1,[]
1351,52.0155226,4.3560054,9,[]
1352,52.0074234,4.3644473,2,[]
1353,52.0127909,4.3648128,1,[]
1354,52.009241,4.3601346,5,[]
1355,52.0077527,4.3615028,2,[]
1356,52.0138453,4.3565426,5,"['restaurant', 'school']"
1357,52.0076447,4.3649484,4,[]
1358,52.0069751,4.361233,4,[]
1359,52.0169965,4.3527571,41,[]
1360,52.0099312,4.3684114,1,[]
1361,52.0092942,4.3623117,2,[]
1362,52.0073522,4.3642855,2,[]
1363,52.0171165,4.3543531,4,[]
1364,52.0114144,4.3675841,2,[]
1365,52.0176383,4.3575779,1,[]
1366,52.0167938,4.3535177,1,[]
1367,52.0168299,4.3536466,2,[]
1368,52.0134554,4.3626917,2,[]
1369,52.0102715,4.3611273,6,[]
1370,52.0156324,4.3584679,21,[]
1371,52.0156226,4.3551086,6,[]
1372,52.0104831,4.3576585,11,[]
1373,52.0128012,4.362476,2,[]
1374,52.010413,4.3664756,1,[]
1375,52.0172705,4.3547367,1,[]
1376,52.0082134,4.3602967,5,['arts_centre']
1377,52.0171608,4.3558242,1,[]
1378,52.0114689,4.3602,8,['fast_food']
1379,52.0170932,4.3565541,1,[]
1380,52.0113889,4.3676141,2,['school']
1381,52.0127412,4.3630528,2,[]
1382,52.0108612,4.3635522,1,[]
1383,52.0102435,4.3564432,12,[]
1384,52.0115959,4.3598565,2,['cafe']
1385,52.0168872,4.3562267,1,[]
1386,52.0170772,4.356517,1,[]
1387,52.0171292,4.3543847,4,[]
1388,52.0128603,4.3643645,1,[]
1389,52.0165578,4.3598685,1,[]
1390,52.0102153,4.3640392,20,['post_office']
1391,52.0173245,4.3556418,1,[]
1392,52.0103843,4.3580991,6,['cafe']
1393,52.009884,4.3556798,6,"['pharmacy', 'pub']"
1394,52.0150466,4.3622553,2,[]
1395,52.0073284,4.3642317,2,[]
1396,52.01287,4.3642713,5,[]
1397,52.0171087,4.3547011,1,[]
1398,52.0109738,4.3573846,2,['restaurant']
1399,52.0070848,4.3626093,1,[]
1400,52.0164479,4.3534344,11,[]
1401,52.0081726,4.3610885,5,[]
1402,52.0147839,4.3524713,2,[]
1403,52.0152914,4.3588759,2,[]
1404,52.0155539,4.3596126,2,[]
1405,52.0077253,4.365131,4,[]
1406,52.0127985,4.3647207,1,[]
1407,52.0117432,4.3601947,5,['restaurant']
1408,52.0129912,4.365597,4,['bar']
1409,52.0108301,4.3598247,1,[]
1410,52.0125396,4.3635502,2,[]
1411,52.0167239,4.3529159,2,[]
1412,52.0093392,4.3624179,2,[]
1413,52.0159344,4.3565961,1,[]
1414,52.0139872,4.3644285,4,[]
1415,52.0128248,4.3644088,1,[]
1416,52.007666,4.3645542,2,[]
1417,52.011432,4.367972,1,[]
1418,52.01232,4.3581466,2,[]
1419,52.0128959,4.3643199,2,[]
1420,52.0121513,4.3560793,2,[]
1421,52.0074671,4.3596419,2,[]
1422,52.0137383,4.3523176,3,[]
1423,52.017796,4.3577696,2,[]
1424,52.0152511,4.3610372,13,[]
1425,52.0148777,4.3588072,1,[]
1426,52.0101021,4.3589659,6,[]
1427,52.0122875,4.3580757,6,[]
1428,52.0144138,4.3581817,9,[]
1429,52.0171873,4.3581764,1,[]
1430,52.0105812,4.3593182,2,['bar']
1431,52.017223,4.3557549,1,[]
1432,52.0097868,4.3601824,1,[]
1433,52.0173676,4.3560624,1,[]
1434,52.0120023,4.3537937,4,[]
1435,52.0176877,4.3557203,3,[]
1436,52.010999,4.357461,1,[]
1437,52.0162634,4.3538382,30,[]
1438,52.0073759,4.3643395,2,[]
1439,52.0165926,4.3599492,1,[]
1440,52.014853,4.3588349,1,[]
1441,52.0154523,4.3589861,3,[]
1442,52.0099076,4.3655218,6,[]
1443,52.0168203,4.3536126,1,[]
1444,52.0128725,4.3591585,2,['cafe']
1445,52.0153635,4.3598292,2,[]
1446,52.0123084,4.3625403,1,[]
1447,52.0114199,4.3646959,3,[]
1448,52.0128569,4.3593662,1,[]
1449,52.0175556,4.3577372,4,[]
1450,52.0128071,4.364431,1,[]
1451,52.0171494,4.355075,1,[]
1452,52.0127664,4.3647567,3,[]
1453,52.0101028,4.3650609,2,[]
1454,52.0072737,4.3618359,11,[]
1455,52.0141456,4.3571876,2,['kindergarten']
1456,52.0171203,4.3566174,1,[]
1457,52.0154735,4.3614839,6,[]
1458,52.0177234,4.3575905,1,[]
1459,52.0166663,4.3590798,2,[]
1460,52.0119127,4.3666525,7,[]
1461,52.0075514,4.3647374,3,[]
1462,52.0138248,4.3596066,11,[]
1463,52.0158846,4.3566513,1,[]
1464,52.0074472,4.3645012,2,[]
1465,52.0155865,4.3576124,5,[]
1466,52.0072809,4.3641238,2,[]
1467,52.0123775,4.3600568,2,[]
1468,52.0139187,4.3636513,1,[]
1469,52.0158589,4.3566798,3,[]
1470,52.0109344,4.3572653,5,[]
1471,52.0060773,4.3594435,1,[]
1472,52.0137887,4.3575468,2,[]
1473,52.0113676,4.3630983,2,['restaurant']
1474,52.0174587,4.3557301,1,[]
1475,52.007363,4.3608764,5,[]
1476,52.0093394,4.3588632,5,[]
1477,52.0155138,4.3596574,4,[]
1478,52.0171653,4.3551125,1,[]
1479,52.0144926,4.3580857,21,[]
1480,52.0075854,4.3648145,4,[]
1481,52.0134164,4.3597942,4,[]
1482,52.0142373,4.3548931,5,[]
1483,52.0121633,4.3618435,6,[]
1484,52.0103548,4.3656533,3,[]
1485,52.0147669,4.3519025,30,[]
1486,52.0156468,4.3551617,2,[]
1487,52.01161,4.3680083,1,[]
1488,52.0103065,4.3683059,2,[]
1489,52.0113926,4.3678837,1,[]
1490,52.0178108,4.3578061,1,[]
1491,52.0160451,4.3542184,3,[]
1492,52.0106081,4.3571315,3,[]
1493,52.0137203,4.3529004,12,[]
1494,52.0143011,4.3625321,2,[]
1495,52.0072406,4.3640325,4,[]
1496,52.0127656,4.3645099,1,[]
1497,52.0082583,4.3608575,8,[]
1498,52.0171762,4.3545019,1,[]
1499,52.0097861,4.3683831,35,[]
1500,52.0116216,4.3599211,2,['cafe']
1501,52.0101603,4.3582265,12,[]
1502,52.0102399,4.3610595,2,[]
1503,52.0176419,4.3579499,1,[]
1504,52.0077301,4.3648129,2,[]
1505,52.0174746,4.3557675,1,[]
1506,52.0152451,4.3599614,2,[]
1507,52.0074875,4.3645922,4,[]
1508,52.0071819,4.3638702,8,[]
1509,52.0100175,4.3583455,15,[]
1510,52.0077655,4.3647734,75,[]
1511,52.0115714,4.3597951,2,[]
1512,52.0123207,4.3649205,7,[]
1513,52.0100914,4.3659732,2,[]
1514,52.0093082,4.3606016,8,[]
1515,52.0115388,4.3681291,2,[]
1516,52.0114518,4.3680161,1,[]
1517,52.0125418,4.3656166,6,[]
1518,52.0105681,4.3653014,3,[]
1519,52.0104748,4.3650816,4,[]
1520,52.0135542,4.3613785,8,[]
1521,52.0151511,4.3551099,1,[]
1522,52.0177671,4.3576983,1,[]
1523,52.0154128,4.3589153,1,[]
1524,52.0111159,4.3580733,9,['restaurant']
1525,52.0117159,4.3601337,2,[]
1526,52.0138387,4.3646359,4,['bar']
1527,52.0154677,4.3590223,2,[]
1528,52.0171999,4.3557805,1,[]
1529,52.0130951,4.364802,2,[]
1530,52.0173246,4.3559618,1,[]
1531,52.0122034,4.3596353,5,[]
1532,52.0172356,4.3552779,1,[]
1533,52.0144792,4.3581007,2,[]
1534,52.017098,4.3558942,3,[]
1535,52.0175975,4.3578405,1,[]
1536,52.0075276,4.3646834,2,[]
1537,52.0151656,4.3586003,3,[]
1538,52.0175446,4.3559328,2,[]
1539,52.0101475,4.3651651,3,[]
1540,52.0127515,4.3644808,1,[]
1541,52.0128426,4.3643867,1,[]
1542,52.0151066,4.3598425,4,[]
1543,52.0139271,4.3598602,11,[]
1544,52.0161477,4.3564912,4,[]
1545,52.0173405,4.3559991,1,[]
1546,52.015634,4.3578434,3,[]
1547,52.0058672,4.3594599,5,[]
1548,52.0177086,4.3575541,2,[]
1549,52.0136419,4.352431,1,[]
1550,52.0113571,4.3645905,1,[]
1551,52.0127825,4.3647385,1,[]
1552,52.0073046,4.3641777,2,[]
1553,52.013815,4.3525006,2,[]
1554,52.0142623,4.3570413,1,[]
1555,52.0076202,4.3648929,3,[]
1556,52.0127376,4.3644523,1,[]
1557,52.0155595,4.3544142,7,[]
1558,52.0172108,4.3545881,1,[]
1559,52.0098836,4.3584232,3,[]
1560,52.0105135,4.3665209,1,[]
1561,52.0170667,4.3566101,1,[]
1562,52.0102605,4.3654313,3,[]
1563,52.0077701,4.3644003,14,[]
1564,52.017487,4.3554332,1,[]
1565,52.0155196,4.3534726,12,['pub']
1566,52.0103058,4.3655382,2,[]
1567,52.0127729,4.3631197,2,[]
1568,52.0138642,4.3596972,1,[]
1569,52.0152885,4.359913,1,[]
1570,52.0150102,4.359615,2,[]
1571,52.0170773,4.3554553,6,[]
1572,52.0173803,4.3583793,2,[]
1573,52.0128223,4.3647758,1,[]
1574,52.0172579,4.3547053,1,[]
1575,52.0150491,4.3559937,1,[]
1576,52.0143804,4.3623889,4,[]
1577,52.0127749,4.3648316,5,[]
1578,52.0155173,4.3591381,1,[]
1579,52.006055,4.3592878,70,[]
1580,52.0129277,4.3612154,9,[]
1581,52.0164506,4.3531422,7,[]
1582,52.0171538,4.3568576,3,[]
1583,52.0171635,4.3544703,1,[]
1584,52.0127908,4.3643773,1,[]
1585,52.0098104,4.3597917,3,[]
1586,52.0157406,4.355678,7,[]
1587,52.017111,4.3567128,1,[]
1588,52.0105232,4.3651957,2,[]
1589,52.0172815,4.3558607,1,[]
1590,52.017104,4.3559998,2,[]
1591,52.0139464,4.3636937,3,[]
1592,52.0168802,4.3578252,18,[]
1593,52.0131856,4.3640823,9,[]
1594,52.00945,4.3572311,3,[]
1595,52.0095179,4.3673288,32,[]
1596,52.0129681,4.3527065,13,['kindergarten']
1597,52.0132672,4.3630689,5,[]
1598,52.0084015,4.3602278,4,[]
1599,52.0168795,4.3552981,2,[]
1600,52.0173128,4.354902,3,[]
1601,52.012899,4.3530388,4,[]
1602,52.0112726,4.3644469,3,[]
1603,52.0176534,4.356435,2,[]
1604,52.0158668,4.3516441,51,[]
1605,52.0116418,4.3648591,1,[]
1606,52.0140683,4.3567481,4,[]
1607,52.0089004,4.359987,1,[]
1608,52.008981,4.3599337,8,[]
1609,52.0100737,4.3621284,18,"['fast_food', 'fast_food', 'fast_food']"
1610,52.0112568,4.362084,5,"['cafe', 'bar']"
1611,52.0140271,4.3520087,6,[]
1612,52.0163242,4.3574857,12,[]
1613,52.0126499,4.3584869,13,[]
1614,52.0174181,4.3574203,2,[]
1615,52.0139204,4.3530031,1,[]
1616,52.0106925,4.3570471,8,[]
1617,52.0077694,4.3623057,3,[]
1618,52.0126219,4.3655895,3,[]
1619,52.0136581,4.3631254,5,[]
1620,52.0106538,4.3558747,1,[]
1621,52.0075256,4.3600366,6,[]
1622,52.0178567,4.3578987,1,[]
1623,52.0128264,4.3638391,3,[]
1624,52.0142053,4.3641237,8,[]
1625,52.0161612,4.3598548,6,[]
1626,52.017631,4.3582482,5,[]
1627,52.012226,4.3560165,4,"['pub', 'restaurant']"
1628,52.0111902,4.3588302,4,['cafe']
1629,52.0070563,4.3623331,7,[]
1630,52.0093492,4.3564743,5,[]
1631,52.0134223,4.3521409,7,[]
1632,52.0128875,4.3620902,2,[]
1633,52.0104258,4.3662788,4,[]
1634,52.0136324,4.3609737,1,[]
1635,52.0103808,4.3648599,3,[]
1636,52.0155096,4.35573,3,[]
1637,52.0155785,4.3615386,34,[]
1638,52.0112345,4.3658482,11,['restaurant']
1639,52.0157933,4.3570587,9,[]
1640,52.0156534,4.353794,4,[]
1641,52.0116637,4.3622091,6,"['cafe', 'restaurant']"
1642,52.013014,4.3636402,3,[]
1643,52.0143454,4.3624674,1,[]
1644,52.0106714,4.3664248,5,[]
1645,52.0137914,4.352449,5,[]
1646,52.0125592,4.3633375,2,[]
1647,52.0083697,4.3610938,3,[]
1648,52.0120548,4.3646693,8,[]
1649,52.0154119,4.3618955,4,[]
1650,52.0105092,4.3667556,5,[]
1651,52.0112179,4.3621298,1,[]
1652,52.009249,4.3622052,3,[]
1653,52.0096888,4.3599784,6,[]
1654,52.0128259,4.3596794,3,"['cafe', 'pub']"
1655,52.0108605,4.3619452,12,[]
1656,52.0126607,4.3635554,3,[]
1657,52.012488,4.3535454,5,[]
1658,52.0071437,4.3609492,1,[]
1659,52.0127104,4.362985,5,[]
1660,52.0174054,4.3573869,1,[]
1661,52.0079245,4.3609501,2,[]
1662,52.012749,4.3640754,3,[]
1663,52.0107623,4.3610396,1,[]
1664,52.0145942,4.3607087,17,[]
1665,52.0145115,4.3527122,18,[]
1666,52.0133287,4.3608968,3,[]
1667,52.0114476,4.3567373,3,[]
1668,52.0154412,4.3558178,2,[]
1669,52.0098158,4.3652961,5,[]
1670,52.0097015,4.3606749,3,['cafe']
1671,52.0157642,4.3535365,1,[]
1672,52.01197,4.3653243,5,[]
1673,52.014684,4.3543376,2,[]
1674,52.0178509,4.3583447,3,[]
1675,52.0105577,4.3588227,9,[]
1676,52.0153418,4.3577907,5,[]
1677,52.0125552,4.366336,4,[]
1678,52.0094652,4.3567662,8,['fast_food']
1679,52.0104764,4.3585816,4,[]
1680,52.0094827,4.3626826,34,['pub']
1681,52.0081747,4.3605998,4,['restaurant']
1682,52.0142783,4.3625651,8,[]
1683,52.0135823,4.3611759,1,[]
1684,52.0126215,4.3584234,3,[]
1685,52.0110473,4.3584152,8,[]
1686,52.0132096,4.3644049,1,['restaurant']
1687,52.0150752,4.3549707,9,[]
1688,52.0163746,4.360373,13,[]
1689,52.0132118,4.3647311,3,[]
1690,52.0120694,4.3634704,1,[]
1691,52.0155427,4.3583692,6,[]
1692,52.0121657,4.3654621,2,[]
1693,52.0114073,4.3573674,6,[]
1694,52.014248,4.3608446,9,[]
1695,52.0127891,4.3644535,1,[]
1696,52.0127687,4.3644048,1,[]
1697,52.0173759,4.3573141,1,[]
1698,52.0154286,4.3572259,5,[]
1699,52.015389,4.3556651,6,[]
1700,52.01169,4.3617262,6,['cafe']
1701,52.0075432,4.3623101,2,[]
1702,52.0067945,4.3622364,12,['cafe']
1703,52.0082985,4.3621722,2,[]
1704,52.0143233,4.3624997,1,[]
1705,52.0119777,4.3649428,6,[]
1706,52.0125728,4.3636902,4,[]
1707,52.009174,4.3620282,2,[]
1708,52.0084118,4.3612271,4,[]
1709,52.0136763,4.3630866,7,[]
1710,52.0070806,4.3609511,13,"['restaurant', 'community_centre', 'bar', 'bar', 'bar']"
1711,52.0163032,4.3550123,42,[]
1712,52.0156449,4.3616716,5,[]
1713,52.0122012,4.3578383,8,[]
1714,52.0129304,4.3650157,3,[]
1715,52.0103586,4.3664128,1,[]
1716,52.0137002,4.3520173,8,[]
1717,52.013203,4.3607058,9,[]
1718,52.0134005,4.3597575,10,[]
1719,52.0108642,4.359927,4,[]
1720,52.012496,4.366217,5,[]
1721,52.0170432,4.3553426,1,[]
1722,52.0121655,4.3562701,4,[]
1723,52.0174068,4.3550203,3,[]
1724,52.0088716,4.3591913,6,[]
1725,52.014825,4.3591079,6,[]
1726,52.0148747,4.3552285,7,[]
1727,52.0111613,4.3622004,7,[]
1728,52.0105406,4.3591087,5,[]
1729,52.0143676,4.3624354,1,[]
1730,52.0119601,4.3589078,1,[]
1731,52.0123285,4.3657736,6,[]
1732,52.013758,4.3644139,7,[]
1733,52.0138837,4.3632787,6,[]
1734,52.0085591,4.3658747,19,[]
1735,52.0121228,4.3577252,1,[]
1736,52.0138525,4.3522343,2,[]
1737,52.0138719,4.3635845,3,[]
1738,52.0076784,4.361589,4,[]
1739,52.0118853,4.3549282,9,[]
1740,52.0159785,4.3553078,6,[]
1741,52.0131952,4.365262,4,[]
1742,52.0175258,4.3549309,5,[]
1743,52.012467,4.3602599,4,[]
1744,52.011944,4.3659033,3,[]
1745,52.0078956,4.3607338,2,[]
1746,52.0166696,4.3571665,5,[]
1747,52.0111498,4.3599849,8,[]
1748,52.0084167,4.3665109,65,['cafe']
1749,52.0119835,4.358967,3,[]
1750,52.0082557,4.3606441,3,[]
1751,52.0066295,4.3613046,7,[]
1752,52.0107012,4.3669109,3,[]
1753,52.010785,4.3593564,5,['nightclub']
1754,52.0138927,4.3518827,11,[]
1755,52.0125664,4.3605217,3,[]
1756,52.0123907,4.3586881,1,[]
1757,52.0121041,4.3582452,1,[]
1758,52.011376,4.359836,8,[]
1759,52.0094194,4.3581137,4,['community_centre']
1760,52.0124352,4.3641485,7,[]
1761,52.0116307,4.3640287,4,[]
1762,52.0064261,4.3616424,4,[]
1763,52.0120692,4.3591983,6,"['restaurant', 'cafe']"
1764,52.0128265,4.3643261,1,[]
1765,52.0123984,4.3633733,2,[]
1766,52.0085023,4.35747,41,[]
1767,52.015297,4.3595306,2,[]
1768,52.0119586,4.3628037,13,[]
1769,52.0113138,4.3646633,1,[]
1770,52.0136165,4.3641519,4,[]
1771,52.0103711,4.3601303,3,[]
1772,52.0103183,4.3663163,1,[]
1773,52.0123984,4.3601208,5,[]
1774,52.0150891,4.3623614,19,[]
1775,52.0080934,4.3603968,3,[]
1776,52.0104595,4.3613907,7,[]
1777,52.0156182,4.3544949,6,[]
1778,52.0149698,4.3544307,10,[]
1779,52.0122457,4.366354,4,[]
1780,52.0125457,4.3604698,3,[]
1781,52.0078732,4.3597174,17,[]
1782,52.0103381,4.3663651,1,[]
1783,52.0158143,4.3548581,6,[]
1784,52.013402,4.3625631,2,[]
1785,52.0164398,4.3605164,2,[]
1786,52.01294,4.3611271,5,[]
1787,52.0108575,4.3658718,4,[]
1788,52.0125118,4.3584831,2,[]
1789,52.0117123,4.3661608,1,[]
1790,52.0113149,4.3606206,4,[]
1791,52.0121161,4.3632787,5,['restaurant']
1792,52.0107751,4.3596999,1,[]
1793,52.0133127,4.3571873,8,[]
1794,52.0116943,4.3600824,1,['restaurant']
1795,52.0142136,4.360565,8,[]
1796,52.0141357,4.3518398,15,[]
1797,52.0112151,4.3588959,4,[]
1798,52.0116463,4.3599773,4,[]
1799,52.0127337,4.3594172,4,[]
1800,52.0140617,4.3550817,9,[]
1801,52.0132517,4.3557597,15,['restaurant']
1802,52.0065674,4.3619008,5,[]
1803,52.0082557,4.3621945,5,[]
1804,52.0143393,4.3629364,9,[]
1805,52.0075583,4.3637868,3,[]
1806,52.0169952,4.353914,6,[]
1807,52.0153208,4.3595913,2,[]
1808,52.0103136,4.3665404,3,[]
1809,52.0104976,4.3664711,1,[]
1810,52.0133661,4.363572,1,['fast_food']
1811,52.0062517,4.361444,9,[]
1812,52.0076403,4.3623193,3,[]
1813,52.0137005,4.3611342,3,[]
1814,52.0122396,4.3582487,1,[]
1815,52.0126847,4.3622388,7,[]
1816,52.0079173,4.3607971,2,[]
1817,52.012531,4.3585258,1,[]
1818,52.0157657,4.3539847,5,[]
1819,52.0143334,4.3621707,9,[]
1820,52.0117332,4.3662027,2,[]
1821,52.0097906,4.3594516,16,[]
1822,52.0109715,4.3590244,18,[]
1823,52.012886,4.3639633,2,[]
1824,52.0151556,4.3592024,4,[]
1825,52.0092761,4.3609275,23,[]
1826,52.0152884,4.357367,1,[]
1827,52.0153594,4.3578319,7,[]
1828,52.01069,4.3673211,2,[]
1829,52.0114923,4.3637394,4,[]
1830,52.0155352,4.3548529,3,[]
1831,52.012855,4.3618967,3,[]
1832,52.0126156,4.3606369,3,[]
1833,52.0113579,4.3592724,7,['cafe']
1834,52.0118791,4.3674815,5,[]
1835,52.0152698,4.3608201,72,[]
1836,52.0152025,4.3571619,13,"['restaurant', 'restaurant']"
1837,52.0120502,4.3663111,2,[]
1838,52.0128364,4.3593128,3,[]
1839,52.0100702,4.3684824,1,[]
1840,52.0134286,4.3575566,10,[]
1841,52.0103741,4.3575006,7,"['fast_food', 'restaurant', 'fast_food']"
1842,52.0105386,4.3601216,14,['cafe']
1843,52.0148495,4.3559638,1,[]
1844,52.0066202,4.3619466,4,[]
1845,52.0130683,4.3643933,6,[]
1846,52.0135193,4.3553635,6,[]
1847,52.0107398,4.3596426,4,"['pub', 'restaurant']"
1848,52.0144595,4.3526745,3,[]
1849,52.0164267,4.3531078,4,[]
1850,52.0162977,4.3563547,51,[]
1851,52.0068069,4.3616132,9,[]
1852,52.0171096,4.3563322,4,[]
1853,52.0123942,4.363468,3,[]
1854,52.0109528,4.3577071,16,"['restaurant', 'fast_food']"
1855,52.0120933,4.3661314,7,[]
1856,52.0125642,4.3585999,11,[]
1857,52.0116424,4.3665458,5,[]
1858,52.0075129,4.3637567,3,[]
1859,52.0132952,4.3644951,1,[]
1860,52.0075894,4.363813,14,[]
1861,52.0086823,4.3593182,9,[]
1862,52.0128051,4.3631964,2,[]
1863,52.0137616,4.3575764,17,[]
1864,52.0120877,4.3658134,4,[]
1865,52.00981,4.3614684,32,[]
1866,52.0135396,4.3537923,33,[]
1867,52.0078629,4.3596421,4,[]
1868,52.0114182,4.3664418,5,[]
1869,52.0159596,4.3551902,8,[]
1870,52.0130322,4.3604309,8,['pub']
1871,52.014528,4.3630159,16,[]
1872,52.0096248,4.3572302,3,['restaurant']
1873,52.0161218,4.3596977,6,[]
1874,52.00999,4.3579194,1,[]
1875,52.0129862,4.3553799,5,[]
1876,52.0138449,4.3617923,7,[]
1877,52.0118232,4.3585641,2,['pub']
1878,52.0148927,4.3593301,5,[]
1879,52.011357,4.3570791,13,[]
1880,52.0142852,4.3520834,9,[]
1881,52.0142736,4.3608215,1,[]
1882,52.0166163,4.3600011,1,[]
1883,52.0136247,4.3526628,1,[]
1884,52.0106664,4.3669491,1,[]
1885,52.0126969,4.3546774,7,[]
1886,52.011127,4.3638261,5,[]
1887,52.0124264,4.3587315,6,[]
1888,52.0117993,4.3585021,9,"['restaurant', 'fast_food', 'fast_food']"
1889,52.0101583,4.3661071,2,[]
1890,52.0111517,4.3626695,14,"['bar', 'cafe']"
1891,52.0094618,4.3562551,27,"['restaurant', 'restaurant', 'restaurant', 'restaurant']"
1892,52.0157647,4.3593184,34,[]
1893,52.0151744,4.3600193,11,[]
1894,52.0122499,4.362668,4,[]
1895,52.0152786,4.3551563,6,[]
1896,52.0105238,4.3592206,2,[]
1897,52.0122608,4.3659875,3,[]
1898,52.0119079,4.3627128,5,['restaurant']
1899,52.0140634,4.362555,12,[]
1900,52.0143254,4.3542227,13,[]
1901,52.0146062,4.3533792,17,[]
1902,52.0083376,4.3609625,4,[]
1903,52.0107973,4.358592,5,[]
1904,52.0127949,4.3617893,8,['restaurant']
1905,52.0130449,4.3655233,4,[]
1906,52.0077189,4.3606124,4,[]
1907,52.0143385,4.3524981,9,[]
1908,52.0129453,4.3613773,7,[]
1909,52.0138877,4.3527265,4,[]
1910,52.0127787,4.362346,3,[]
1911,52.0076786,4.3622992,2,[]
1912,52.008043,4.3607381,3,[]
1913,52.008239,4.3607267,3,[]
1914,52.0126523,4.3607973,2,['theatre']
1915,52.0168219,4.3531062,6,['dentist']
1916,52.0130087,4.3654032,5,[]
1917,52.0065495,4.361183,2,[]
1918,52.0119153,4.3587923,2,[]
1919,52.012624,4.3542596,1,[]
1920,52.0136818,4.3522755,6,[]
1921,52.0153061,4.3620346,6,[]
1922,52.0108723,4.358823,1,[]
1923,52.0131205,4.3648556,2,[]
1924,52.0099326,4.3557811,7,['fast_food']
1925,52.0107364,4.3667723,3,[]
1926,52.0083851,4.3610214,2,[]
1927,52.0153417,4.3591843,4,[]
1928,52.0130486,4.3637748,2,[]
1929,52.0140193,4.3622162,1,[]
1930,52.0134771,4.3612224,6,[]
1931,52.0107377,4.3621212,7,[]
1932,52.0113827,4.3633719,6,[]
1933,52.0108231,4.3586643,3,[]
1934,52.0121096,4.3563353,4,[]
1935,52.00739,4.3623211,2,[]
1936,52.0164888,4.3594467,4,[]
1937,52.0127845,4.3582551,39,"['fast_food', 'fast_food']"
1938,52.0117152,4.361651,53,['restaurant']
1939,52.0135423,4.3640388,7,[]
1940,52.0103064,4.3601111,2,[]
1941,52.0104493,4.3666135,4,[]
1942,52.0161203,4.3536775,10,[]
1943,52.0126974,4.35455,9,[]
1944,52.0117612,4.3655286,3,[]
1945,52.0154245,4.35938,4,[]
1946,52.012754,4.3594759,4,[]
1947,52.0117293,4.3677401,2,[]
1948,52.0106229,4.360005,3,[]
1949,52.010288,4.36647,3,[]
1950,52.0105435,4.3592722,1,['restaurant']
1951,52.0096304,4.3604487,1,[]
1952,52.0112054,4.3572429,2,[]
1953,52.0155203,4.3548169,6,[]
1954,52.0176204,4.3552786,4,[]
1955,52.0087635,4.3665841,8,[]
1956,52.0114697,4.3567967,4,['pub']
1957,52.0117551,4.3662862,3,[]
1958,52.0095303,4.3595539,16,[]
1959,52.0091793,4.3610142,4,[]
1960,52.0141602,4.3621983,1,[]
1961,52.0162306,4.3597746,2,[]
1962,52.0119991,4.3633457,2,[]
1963,52.0110671,4.3664384,4,[]
1964,52.0124287,4.3665075,4,[]
1965,52.0138318,4.3530482,4,[]
1966,52.0123682,4.3586304,8,[]
1967,52.0070548,4.3625304,2,[]
1968,52.0122139,4.3628899,2,[]
1969,52.0115179,4.3596838,3,['cafe']
1970,52.0137857,4.3639814,8,[]
1971,52.0066822,4.3611113,4,[]
1972,52.009828,4.3598593,7,[]
1973,52.0151228,4.3542125,4,[]
1974,52.0159,4.3550294,3,[]
1975,52.0166448,4.3602363,2,[]
1976,52.0140388,4.3526926,4,[]
1977,52.0127354,4.3656451,6,[]
1978,52.0164813,4.360459,2,[]
1979,52.0156039,4.3543726,2,[]
1980,52.0163013,4.3561255,5,[]
1981,52.0093861,4.3608942,7,"['restaurant', 'fast_food']"
1982,52.0078331,4.3624448,6,[]
1983,52.0143582,4.3605493,1,[]
1984,52.0099378,4.3590724,17,[]
1985,52.0095987,4.3607344,3,[]
1986,52.0117573,4.3667844,5,[]
1987,52.0116627,4.3661184,3,[]
1988,52.0143295,4.3622501,2,[]
1989,52.0124866,4.3634706,1,[]
1990,52.0129794,4.3651305,3,[]
1991,52.014576,4.3524729,4,[]
1992,52.0133749,4.3598235,8,['cafe']
1993,52.0128967,4.3594836,7,[]
1994,52.0122167,4.35817,2,[]
1995,52.0158936,4.3570421,1,[]
1996,52.0086397,4.3623147,8,[]
1997,52.0126805,4.3609671,4,['cafe']
1998,52.0142377,4.3519836,4,[]
1999,52.0108163,4.3622679,17,"['restaurant', 'restaurant']"
2000,52.0113569,4.3599612,4,[]
2001,52.0141074,4.3522112,4,[]
2002,52.0120771,4.3574782,28,"['cafe', 'restaurant', 'restaurant', 'restaurant', 'restaurant', 'restaurant']"
2003,52.0120192,4.3629086,1,[]
2004,52.0122588,4.3639461,2,[]
2005,52.0130604,4.3629964,5,[]
2006,52.009944,4.3601993,5,[]
2007,52.0113846,4.3645031,2,[]
2008,52.0111723,4.3627421,16,['restaurant']
2009,52.0113082,4.3672164,6,[]
2010,52.0138523,4.3531229,7,[]
2011,52.0108817,4.3661288,1,[]
2012,52.0113312,4.3569983,3,['fast_food']
2013,52.0072159,4.3617532,5,[]
2014,52.0125757,4.3645524,8,[]
2015,52.0082841,4.3588976,10,[]
2016,52.0121706,4.3619254,2,[]
2017,52.0118262,4.3537667,12,[]
2018,52.0117848,4.3663178,1,[]
2019,52.0122975,4.3660759,4,[]
2020,52.0125925,4.3627103,3,['fast_food']
2021,52.015032,4.3542822,2,[]
2022,52.0139475,4.3614021,9,[]
2023,52.0130396,4.3629445,4,['fast_food']
2024,52.0112332,4.3630492,3,[]
2025,52.0058356,4.3599279,8,[]
2026,52.0124574,4.3654724,4,[]
2027,52.0137867,4.355556,15,[]
2028,52.0145401,4.3571036,11,[]
2029,52.0114308,4.3566868,1,['fast_food']
2030,52.0127381,4.3658522,3,[]
2031,52.0125248,4.3541091,1,[]
2032,52.0157156,4.353827,2,[]
2033,52.0102213,4.3601342,1,[]
2034,52.0118885,4.3587266,1,['cafe']
2035,52.0124291,4.3633182,2,[]
2036,52.0113456,4.3565238,5,"['pub', 'fast_food']"
2037,52.0166039,4.3602917,2,[]
2038,52.0142024,4.3519319,4,[]
2039,52.0107931,4.3597711,2,['pub']
2040,52.0147336,4.3619936,4,[]
2041,52.0152473,4.357561,5,[]
2042,52.007983,4.3622391,7,[]
2043,52.0100321,4.3649574,6,[]
2044,52.0106555,4.358442,5,[]
2045,52.0080556,4.3612144,2,[]
2046,52.0165629,4.3603474,2,[]
2047,52.0138527,4.3526497,2,[]
2048,52.0165537,4.359296,3,[]
2049,52.0130195,4.3637206,1,[]
2050,52.0165219,4.360403,2,[]
2051,52.012885,4.3634932,4,['restaurant']
2052,52.0087835,4.3611783,2,['arts_centre']
2053,52.0134316,4.3636495,7,[]
2054,52.0147937,4.3553586,7,['events_venue']
2055,52.0130985,4.363814,4,[]
2056,52.01756,4.3551065,3,[]
2057,52.0103007,4.3580578,2,[]
2058,52.0087817,4.3625847,9,['bicycle_parking']
2059,52.0084694,4.3613321,3,[]
2060,52.0111182,4.3600286,3,[]
2061,52.0108659,4.3609143,5,[]
2062,52.0105261,4.3669942,3,[]
2063,52.0119533,4.3581022,3,[]
2064,52.0123847,4.3635667,2,[]
2065,52.0089878,4.362509,13,[]
2066,52.0158002,4.3554237,2,[]
2067,52.015667,4.3543501,2,[]
2068,52.0114097,4.3566456,2,[]
2069,52.0102148,4.3662938,4,[]
2070,52.0135636,4.3625809,6,[]
2071,52.0081985,4.3611576,10,[]
2072,52.0115835,4.3664406,2,[]
2073,52.0072126,4.3609361,9,[]
2074,52.013036,4.3624082,11,[]
2075,52.0085221,4.357698,12,[]
2076,52.0134826,4.3568921,10,[]
2077,52.0073257,4.3623541,3,[]
2078,52.0111301,4.3573084,2,[]
2079,52.0099864,4.3611638,4,['pub']
2080,52.0081634,4.3614889,2,[]
2081,52.0124012,4.358211,2,[]
2082,52.0112624,4.3642471,3,[]
2083,52.0152224,4.3540541,9,[]
2084,52.0116714,4.3656904,5,[]
2085,52.0134931,4.352313,9,[]
2086,52.0120998,4.3558747,9,['cafe']
2087,52.0128352,4.363289,3,[]
2088,52.0098102,4.36033,2,[]
2089,52.0159835,4.3565143,1,[]
2090,52.0086759,4.3577545,1,[]
2091,52.0165219,4.3597922,1,[]
2092,52.0067387,4.3621894,4,[]
2093,52.0128605,4.3616705,4,[]
2094,52.0176657,4.35541,5,[]
2095,52.0132824,4.3625216,11,[]
2096,52.0164867,4.3533782,3,[]
2097,52.0162209,4.3560866,11,[]
2098,52.0080766,4.3616564,5,[]
2099,52.0109623,4.3670372,5,[]
2100,52.0105625,4.3571658,3,"['restaurant', 'restaurant']"
2101,52.0107055,4.3656023,5,[]
2102,52.0157013,4.3552845,3,[]
2103,52.0133131,4.3634696,6,"['cafe', 'restaurant']"
2104,52.0167845,4.3570712,2,[]
2105,52.0130258,4.3623151,3,[]
2106,52.012561,4.362934,4,[]
2107,52.0167019,4.3528422,11,[]
2108,52.010859,4.3595046,12,[]
2109,52.0120768,4.3655848,3,[]
2110,52.0136186,4.3605966,5,[]
2111,52.0115041,4.356452,6,[]
2112,52.0103255,4.3624119,22,['restaurant']
2113,52.0144884,4.3661744,12,[]
2114,52.0124091,4.3543418,2,[]
2115,52.0087277,4.3518254,1,['kindergarten']
2116,52.0083337,4.3621574,1,[]
2117,52.0131438,4.3519823,1,[]
2118,52.0172547,4.3657888,2,[]
2119,52.0089779,4.3540466,3,[]
2120,52.0176187,4.3555073,1,[]
2121,52.0090721,4.3532492,1,[]
2122,52.0181852,4.3640674,1,[]
2123,52.0181612,4.3640944,31,[]
2124,52.0182719,4.3639696,1,[]
2125,52.0182958,4.3639427,3,[]
2126,52.013593,4.3638498,4,[]
2127,52.0148995,4.3521477,7,[]
2128,52.008084,4.3544187,1,[]
2129,52.0140533,4.366969,3,[]
2130,52.0090737,4.3537644,2,[]
2131,52.0172204,4.3571641,2,[]
2132,52.013819,4.3521607,2,[]
2133,52.0095209,4.3618051,10,[]
2134,52.0096724,4.3666364,76,"['doctors', 'doctors', 'doctors']"
2135,52.010057,4.367573,66,"['doctors', 'social_facility']"
2136,52.0062241,4.3563447,24,[]
2137,52.0138544,4.3507828,2,[]
2138,52.0122591,4.3524194,5,[]
2139,52.0106957,4.3540225,5,[]
2140,52.0122274,4.355125,12,[]
2141,52.0052779,4.3648423,1,[]
2142,52.0052269,4.3648723,4,[]
2143,52.0143938,4.3629632,2,[]
2144,52.0110415,4.3509716,6,[]
2145,52.0063186,4.3598738,18,[]
2146,52.0082833,4.3582726,12,[]
2147,52.0109423,4.3581983,3,['cafe']
2148,52.0109683,4.355141,1,[]
2149,52.01467,4.354461,11,[]
2150,52.0133924,4.3602053,7,[]
2151,52.0067368,4.3561395,16,"['fast_food', 'fast_food', 'townhall']"
2152,52.0061749,4.3561629,65,['bicycle_rental']
2153,52.0064097,4.3563026,5,['restaurant']
2154,52.0123806,4.3592796,4,['bicycle_parking']
2155,52.0085699,4.3644271,99,['fast_food']
2156,52.0088567,4.3637179,6,['cinema']
2157,52.0091884,4.3633909,37,['ice_cream']
2158,52.0117852,4.3576337,6,[]
2159,52.0084605,4.3656216,3,[]
2160,52.0067953,4.3636199,2,[]
